ROUTING,ST_NO,ERR_CODE,ERR_NAME,ERR_TYPE,ACTDTTM,PROG_ID,DOWNLOAD_YN
6CTKA,110,0005,Model Fault,,20130529205359,SP_INF_PMS_MASTER_VS,N  
6CTKA,110,0006,1st Measure Angle Hi,,20130529205359,SP_INF_PMS_MASTER_VS,N  
6CTKA,110,0007,1st Measure Angle Lo,,20130529205359,SP_INF_PMS_MASTER_VS,N  
6CTKA,110,0008,2nd Measure Level Hi,,20130529205359,SP_INF_PMS_MASTER_VS,N  
6CTKA,110,0009,2nd Measure Level Lo,,20130529205359,SP_INF_PMS_MASTER_VS,N  
6CTKA,110,0010,2nd Measure Angle Hi,,20130529205359,SP_INF_PMS_MASTER_VS,N  
6CTKA,110,0011,2nd Measure Angle Lo,,20130529205359,SP_INF_PMS_MASTER_VS,N  
6CTKA,110,0012,Gauge 1 Fault,,20130529205359,SP_INF_PMS_MASTER_VS,N  
6CTKA,110,0013,Gauge 2 Fault,,20130529205359,SP_INF_PMS_MASTER_VS,N  
6CTKA,110,0014,AnsBack Fault,,20130529205359,SP_INF_PMS_MASTER_VS,N  
6CTKA,110,0015,Melsec Link NG,,20130529205359,SP_INF_PMS_MASTER_VS,N  
6CTKA,110,0016,Others,,20130529205359,SP_INF_PMS_MASTER_VS,N  
6CTKA,121,0001,EMERGENCY STOP,,20130529205359,SP_INF_PMS_MASTER_VS,N  
6CTKA,121,0002,Air Pressure Low Fault,,20130529205359,SP_INF_PMS_MASTER_VS,N  
6CTKA,121,0003,CPU Fault,,20130529205359,SP_INF_PMS_MASTER_VS,N  
6CTKA,121,0004,Cycle T/O,,20130529205359,SP_INF_PMS_MASTER_VS,N  
6CTKA,121,0005,ID Fault,,20130529205359,SP_INF_PMS_MASTER_VS,N  
6CTKA,121,0006,Model Fault,,20130529205359,SP_INF_PMS_MASTER_VS,N  
6CTKA,121,0007,Piston #1 Measurement NG,,20130529205359,SP_INF_PMS_MASTER_VS,N  
6CTKA,121,0008,Piston #2 Measurement NG,,20130529205359,SP_INF_PMS_MASTER_VS,N  
6CTKA,121,0009,Piston #3 Measurement NG,,20130529205359,SP_INF_PMS_MASTER_VS,N  
6CTKA,121,0010,Piston #4 Measurement NG,,20130529205359,SP_INF_PMS_MASTER_VS,N  
6CTKA,121,0011,Piston #5 Measurement NG,,20130529205359,SP_INF_PMS_MASTER_VS,N  
6CTKA,121,0012,Piston #6 Measurement NG,,20130529205359,SP_INF_PMS_MASTER_VS,N  
6CTKA,121,0013,Piston #7 Measurement NG,,20130529205359,SP_INF_PMS_MASTER_VS,N  
6CTKA,121,0014,AnsBack Fault,,20130529205359,SP_INF_PMS_MASTER_VS,N  
6CTKA,121,0015,Melsec Link NG,,20130529205359,SP_INF_PMS_MASTER_VS,N  
6CTKA,121,0016,Others,,20130529205359,SP_INF_PMS_MASTER_VS,N  
6CTKA,122,0001,EMERGENCY STOP,,20130529205359,SP_INF_PMS_MASTER_VS,N  
6CTKA,122,0002,Air Pressure Low Fault,,20130529205359,SP_INF_PMS_MASTER_VS,N  
6CTKA,122,0003,CPU Fault,,20130529205359,SP_INF_PMS_MASTER_VS,N  
6CTKA,122,0004,Cycle T/O,,20130529205359,SP_INF_PMS_MASTER_VS,N  
6CTKA,122,0005,ID Fault,,20130529205359,SP_INF_PMS_MASTER_VS,N  
6CTKA,122,0006,Model Fault,,20130529205359,SP_INF_PMS_MASTER_VS,N  
6CTKA,122,0007,,,20130529205359,SP_INF_PMS_MASTER_VS,N  
6CTKA,122,0008,,,20130529205359,SP_INF_PMS_MASTER_VS,N  
6CTKA,122,0009,,,20130529205359,SP_INF_PMS_MASTER_VS,N  
6CTKA,122,0010,,,20130529205359,SP_INF_PMS_MASTER_VS,N  
6CTKA,122,0011,,,20130529205359,SP_INF_PMS_MASTER_VS,N  
6CTKA,122,0012,,,20130529205359,SP_INF_PMS_MASTER_VS,N  
6CTKA,122,0013,AnsBack Fault,,20130529205359,SP_INF_PMS_MASTER_VS,N  
6CTKA,122,0014,PLC BATTERY LOW,,20130529205359,SP_INF_PMS_MASTER_VS,N  
6CTKA,122,0015,Melsec Link NG,,20130529205359,SP_INF_PMS_MASTER_VS,N  
6CTKA,122,0016,Others,,20130529205359,SP_INF_PMS_MASTER_VS,N  
6CTKA,123,0001,EMERGENCY STOP,,20130529205359,SP_INF_PMS_MASTER_VS,N  
6CTKA,123,0002,Air Pressure Low Fault,,20130529205359,SP_INF_PMS_MASTER_VS,N  
6CTKA,123,0003,CPU Fault,,20130529205359,SP_INF_PMS_MASTER_VS,N  
6CTKA,123,0004,Cycle T/O,,20130529205359,SP_INF_PMS_MASTER_VS,N  
6CTKA,123,0005,ID Fault,,20130529205359,SP_INF_PMS_MASTER_VS,N  
6CTKA,123,0006,Model Fault,,20130529205359,SP_INF_PMS_MASTER_VS,N  
6CTKA,123,0007,Piston #1 Measurement NG,,20130529205359,SP_INF_PMS_MASTER_VS,N  
6CTKA,123,0008,Piston #2 Measurement NG,,20130529205359,SP_INF_PMS_MASTER_VS,N  
6CTKA,123,0009,Piston #3 Measurement NG,,20130529205359,SP_INF_PMS_MASTER_VS,N  
6CTKA,123,0010,Piston #4 Measurement NG,,20130529205359,SP_INF_PMS_MASTER_VS,N  
6CTKA,123,0011,Piston #5 Measurement NG,,20130529205359,SP_INF_PMS_MASTER_VS,N  
6CTKA,123,0012,Piston #6 Measurement NG,,20130529205359,SP_INF_PMS_MASTER_VS,N  
6CTKA,123,0013,Piston #7 Measurement NG,,20130529205359,SP_INF_PMS_MASTER_VS,N  
6CTKA,123,0014,AnsBack Fault,,20130529205359,SP_INF_PMS_MASTER_VS,N  
6CTKA,123,0015,Melsec Link NG,,20130529205359,SP_INF_PMS_MASTER_VS,N  
6CTKA,123,0016,Others,,20130529205359,SP_INF_PMS_MASTER_VS,N  
6CTKA,124,0001,EMERGENCY STOP,,20130529205359,SP_INF_PMS_MASTER_VS,N  
6CTKA,124,0002,Air Pressure Low Fault,,20130529205359,SP_INF_PMS_MASTER_VS,N  
6CTKA,124,0003,CPU Fault,,20130529205359,SP_INF_PMS_MASTER_VS,N  
6CTKA,124,0004,Cycle T/O,,20130529205359,SP_INF_PMS_MASTER_VS,N  
6CTKA,124,0005,ID Fault,,20130529205359,SP_INF_PMS_MASTER_VS,N  
6CTKA,124,0006,Model Fault,,20130529205359,SP_INF_PMS_MASTER_VS,N  
6CTKA,124,0007,,,20130529205359,SP_INF_PMS_MASTER_VS,N  
6CTKA,124,0008,,,20130529205359,SP_INF_PMS_MASTER_VS,N  
6CTKA,124,0009,,,20130529205359,SP_INF_PMS_MASTER_VS,N  
6CTKA,124,0010,,,20130529205359,SP_INF_PMS_MASTER_VS,N  
6CTKA,124,0011,,,20130529205359,SP_INF_PMS_MASTER_VS,N  
6CTKA,124,0012,,,20130529205359,SP_INF_PMS_MASTER_VS,N  
6CTKA,124,0013,,,20130529205359,SP_INF_PMS_MASTER_VS,N  
6CTKA,124,0014,AnsBack Fault,,20130529205359,SP_INF_PMS_MASTER_VS,N  
6CTKA,124,0015,Melsec Link NG,,20130529205359,SP_INF_PMS_MASTER_VS,N  
6CTKA,124,0016,Others,,20130529205359,SP_INF_PMS_MASTER_VS,N  
6CTKA,125,0001,EMERGENCY STOP,,20130529205359,SP_INF_PMS_MASTER_VS,N  
6CTKA,125,0002,Air Pressure Low Fault,,20130529205359,SP_INF_PMS_MASTER_VS,N  
6CTKA,125,0003,CPU Fault,,20130529205359,SP_INF_PMS_MASTER_VS,N  
6CTKA,125,0004,Cycle T/O,,20130529205359,SP_INF_PMS_MASTER_VS,N  
6CTKA,125,0005,ID Fault,,20130529205359,SP_INF_PMS_MASTER_VS,N  
6CTKA,125,0006,Model Fault,,20130529205359,SP_INF_PMS_MASTER_VS,N  
6CTKA,125,0007,Piston #1 Shoe Clearance NG,,20130529205359,SP_INF_PMS_MASTER_VS,N  
6CTKA,125,0008,Piston #2 Shoe Clearance NG,,20130529205359,SP_INF_PMS_MASTER_VS,N  
6CTKA,125,0009,Piston #3 Shoe Clearance NG,,20130529205359,SP_INF_PMS_MASTER_VS,N  
6CTKA,125,0010,Piston #4 Shoe Clearance NG,,20130529205359,SP_INF_PMS_MASTER_VS,N  
6CTKA,125,0011,Piston #5 Shoe Clearance NG,,20130529205359,SP_INF_PMS_MASTER_VS,N  
6CTKA,125,0012,Piston #6 Shoe Clearance NG,,20130529205359,SP_INF_PMS_MASTER_VS,N  
6CTKA,125,0013,Piston #7 Shoe Clearance NG,,20130529205359,SP_INF_PMS_MASTER_VS,N  
6CTKA,125,0014,AnsBack Fault,,20130529205359,SP_INF_PMS_MASTER_VS,N  
6CTKA,125,0015,Melsec Link NG,,20130529205359,SP_INF_PMS_MASTER_VS,N  
6CTKA,125,0016,Others,,20130529205359,SP_INF_PMS_MASTER_VS,N  
6CTKA,126,0001,EMERGENCY STOP,,20130529205359,SP_INF_PMS_MASTER_VS,N  
6CTKA,126,0002,Air Pressure Low Fault,,20130529205359,SP_INF_PMS_MASTER_VS,N  
6CTKA,126,0003,CPU Fault,,20130529205359,SP_INF_PMS_MASTER_VS,N  
6CTKA,126,0004,Cycle T/O,,20130529205359,SP_INF_PMS_MASTER_VS,N  
6CTKA,126,0005,ID Fault,,20130529205359,SP_INF_PMS_MASTER_VS,N  
6CTKA,126,0006,Model Fault,,20130529205359,SP_INF_PMS_MASTER_VS,N  
6CTKA,126,0007,,,20130529205359,SP_INF_PMS_MASTER_VS,N  
6CTKA,126,0008,,,20130529205359,SP_INF_PMS_MASTER_VS,N  
6CTKA,126,0009,,,20130529205359,SP_INF_PMS_MASTER_VS,N  
6CTKA,126,0010,,,20130529205359,SP_INF_PMS_MASTER_VS,N  
6CTKA,126,0011,,,20130529205359,SP_INF_PMS_MASTER_VS,N  
6CTKA,126,0012,,,20130529205359,SP_INF_PMS_MASTER_VS,N  
6CTKA,126,0013,AnsBack Fault,,20130529205359,SP_INF_PMS_MASTER_VS,N  
6CTKA,126,0014,PLC BATTERY LOW,,20130529205359,SP_INF_PMS_MASTER_VS,N  
6CTKA,010,0001,EMERGENCY STOP,,20130529205359,SP_INF_PMS_MASTER_VS,N  
6CTKA,010,0002,Air Pressure Low Fault,,20130529205359,SP_INF_PMS_MASTER_VS,N  
6CTKA,010,0003,CPU Fault,,20130529205359,SP_INF_PMS_MASTER_VS,N  
6CTKA,010,0004,Cycle T/O,,20130529205359,SP_INF_PMS_MASTER_VS,N  
6CTKA,010,0005,Area Sensor Fault,,20130529205359,SP_INF_PMS_MASTER_VS,N  
6CTKA,010,0006,D/P L PRESS NG,,20130529205359,SP_INF_PMS_MASTER_VS,N  
6CTKA,010,0007,D/P R PRESS NG,,20130529205359,SP_INF_PMS_MASTER_VS,N  
6CTKA,010,0008,M/PLATE PRESS NG,,20130529205359,SP_INF_PMS_MASTER_VS,N  
6CTKA,010,0009,,,20130529205359,SP_INF_PMS_MASTER_VS,N  
6CTKA,010,0010,,,20130529205359,SP_INF_PMS_MASTER_VS,N  
6CTKA,010,0011,,,20130529205359,SP_INF_PMS_MASTER_VS,N  
6CTKA,010,0012,,,20130529205359,SP_INF_PMS_MASTER_VS,N  
6CTKA,010,0013,AnsBack Fault,,20130529205359,SP_INF_PMS_MASTER_VS,N  
6CTKA,010,0014,PLC BATTERY LOW,,20130529205359,SP_INF_PMS_MASTER_VS,N  
6CTKA,010,0015,Melsec Link NG,,20130529205359,SP_INF_PMS_MASTER_VS,N  
6CTKA,010,0016,Others,,20130529205359,SP_INF_PMS_MASTER_VS,N  
6CTKA,015,0001,EMERGENCY STOP,,20130529205359,SP_INF_PMS_MASTER_VS,N  
6CTKA,015,0002,Air Pressure Low Fault,,20130529205359,SP_INF_PMS_MASTER_VS,N  
6CTKA,015,0003,CPU Fault,,20130529205359,SP_INF_PMS_MASTER_VS,N  
6CTKA,015,0004,Cycle T/O,,20130529205359,SP_INF_PMS_MASTER_VS,N  
6CTKA,015,0005,,,20130529205359,SP_INF_PMS_MASTER_VS,N  
6CTKA,015,0006,,,20130529205359,SP_INF_PMS_MASTER_VS,N  
6CTKA,015,0007,,,20130529205359,SP_INF_PMS_MASTER_VS,N  
6CTKA,015,0008,,,20130529205359,SP_INF_PMS_MASTER_VS,N  
6CTKA,015,0009,,,20130529205359,SP_INF_PMS_MASTER_VS,N  
6CTKA,015,0010,,,20130529205359,SP_INF_PMS_MASTER_VS,N  
6CTKA,015,0011,,,20130529205359,SP_INF_PMS_MASTER_VS,N  
6CTKA,015,0012,,,20130529205359,SP_INF_PMS_MASTER_VS,N  
6CTKA,015,0013,,,20130529205359,SP_INF_PMS_MASTER_VS,N  
6CTKA,015,0014,PLC BATTERY LOW,,20130529205359,SP_INF_PMS_MASTER_VS,N  
6CTKA,015,0015,Melsec Link NG,,20130529205359,SP_INF_PMS_MASTER_VS,N  
6CTKA,015,0016,Others,,20130529205359,SP_INF_PMS_MASTER_VS,N  
6CTKA,020,0001,EMERGENCY STOP,,20130529205359,SP_INF_PMS_MASTER_VS,N  
6CTKA,020,0002,Air Pressure Low Fault,,20130529205359,SP_INF_PMS_MASTER_VS,N  
6CTKA,020,0003,CPU Fault,,20130529205359,SP_INF_PMS_MASTER_VS,N  
6CTKA,020,0004,Cycle T/O,,20130529205359,SP_INF_PMS_MASTER_VS,N  
6CTKA,020,0005,ID Fault,,20130529205359,SP_INF_PMS_MASTER_VS,N  
6CTKA,020,0006,Model Fault,,20130529205359,SP_INF_PMS_MASTER_VS,N  
6CTKA,020,0007,Pressure Check NG Hi,,20130529205359,SP_INF_PMS_MASTER_VS,N  
6CTKA,020,0008,Pressure Check NG Low,,20130529205359,SP_INF_PMS_MASTER_VS,N  
6CTKA,020,0009,Measurement NG Hi,,20130529205359,SP_INF_PMS_MASTER_VS,N  
6CTKA,020,0010,Measurement NG Low,,20130529205359,SP_INF_PMS_MASTER_VS,N  
6CTKA,020,0011,Vacuum Leak NG,,20130529205359,SP_INF_PMS_MASTER_VS,N  
6CTKA,020,0012,Gauge Fault,,20130529205359,SP_INF_PMS_MASTER_VS,N  
6CTKA,020,0013,AnsBack Fault,,20130529205359,SP_INF_PMS_MASTER_VS,N  
6CTKA,020,0014,PLC BATTERY LOW,,20130529205359,SP_INF_PMS_MASTER_VS,N  
6CTKA,020,0015,Melsec Link NG,,20130529205359,SP_INF_PMS_MASTER_VS,N  
6CTKA,020,0016,Others,,20130529205359,SP_INF_PMS_MASTER_VS,N  
6CTKA,040,0001,EMERGENCY STOP,,20130529205359,SP_INF_PMS_MASTER_VS,N  
6CTKA,040,0002,Air Pressure Low Fault,,20130529205359,SP_INF_PMS_MASTER_VS,N  
6CTKA,040,0003,CPU Fault,,20130529205359,SP_INF_PMS_MASTER_VS,N  
6CTKA,040,0004,Cycle T/O,,20130529205359,SP_INF_PMS_MASTER_VS,N  
6CTKA,040,0005,ID Fault,,20130529205359,SP_INF_PMS_MASTER_VS,N  
6CTKA,040,0006,Model Fault,,20130529205359,SP_INF_PMS_MASTER_VS,N  
6CTKA,040,0007,NBR PRESS 1 NG Hi,,20130529205359,SP_INF_PMS_MASTER_VS,N  
6CTKA,040,0008,NBR PRESS 1 NG Low,,20130529205359,SP_INF_PMS_MASTER_VS,N  
6CTKA,040,0009,PRESS 1 NG Hi,,20130529205359,SP_INF_PMS_MASTER_VS,N  
6CTKC,360,0016,Others,,20130529205359,SP_INF_PMS_MASTER_VS,N  
6CTKC,350,0001,EMERGENCY STOP,,20130529205359,SP_INF_PMS_MASTER_VS,N  
6CTKC,350,0002,Air Pressure Low Fault,,20130529205359,SP_INF_PMS_MASTER_VS,N  
6CTKC,350,0003,CPU Fault,,20130529205359,SP_INF_PMS_MASTER_VS,N  
6CTKC,350,0004,Cycle T/O,,20130529205359,SP_INF_PMS_MASTER_VS,N  
6CTKC,350,0005,ID Fault,,20130529205359,SP_INF_PMS_MASTER_VS,N  
6CTKC,350,0006,Model Fault,,20130529205359,SP_INF_PMS_MASTER_VS,N  
6CTKC,350,0007,Actuator Fault,,20130529205359,SP_INF_PMS_MASTER_VS,N  
6CTKC,350,0008,Fuction Test NG,,20130529205359,SP_INF_PMS_MASTER_VS,N  
6CTKC,350,0009,,,20130529205359,SP_INF_PMS_MASTER_VS,N  
6CTKC,350,0010,,,20130529205359,SP_INF_PMS_MASTER_VS,N  
6CTKC,350,0011,,,20130529205359,SP_INF_PMS_MASTER_VS,N  
6CTKC,350,0012,,,20130529205359,SP_INF_PMS_MASTER_VS,N  
6CTKC,350,0013,AnsBack Fault,,20130529205359,SP_INF_PMS_MASTER_VS,N  
6CTKC,350,0014,PLC BATTERY LOW,,20130529205359,SP_INF_PMS_MASTER_VS,N  
6CTKC,350,0015,Melsec Link NG,,20130529205359,SP_INF_PMS_MASTER_VS,N  
6CTKC,350,0016,Others,,20130529205359,SP_INF_PMS_MASTER_VS,N  
6CTKC,370,0001,EMERGENCY STOP,,20130529205359,SP_INF_PMS_MASTER_VS,N  
6CTKC,370,0002,Air Pressure Low Fault,,20130529205359,SP_INF_PMS_MASTER_VS,N  
6CTKC,370,0003,CPU Fault,,20130529205359,SP_INF_PMS_MASTER_VS,N  
6CTKC,370,0004,,,20130529205359,SP_INF_PMS_MASTER_VS,N  
6CTKC,370,0005,ID Fault,,20130529205359,SP_INF_PMS_MASTER_VS,N  
6CTKC,370,0006,Model Fault,,20130529205359,SP_INF_PMS_MASTER_VS,N  
6CTKC,370,0007,Actuator Fault,,20130529205359,SP_INF_PMS_MASTER_VS,N  
6CTKC,370,0008,,,20130529205359,SP_INF_PMS_MASTER_VS,N  
6CTKC,370,0009,,,20130529205359,SP_INF_PMS_MASTER_VS,N  
6CTKC,370,0010,,,20130529205359,SP_INF_PMS_MASTER_VS,N  
6CTKC,370,0011,,,20130529205359,SP_INF_PMS_MASTER_VS,N  
6CTKC,370,0012,,,20130529205359,SP_INF_PMS_MASTER_VS,N  
6CTKC,370,0013,AnsBack Fault,,20130529205359,SP_INF_PMS_MASTER_VS,N  
6CTKC,370,0014,PLC BATTERY LOW,,20130529205359,SP_INF_PMS_MASTER_VS,N  
6CTKC,370,0015,Melsec Link NG,,20130529205359,SP_INF_PMS_MASTER_VS,N  
6CTKC,370,0016,Others,,20130529205359,SP_INF_PMS_MASTER_VS,N  
6CTKC,380,0001,EMERGENCY STOP,,20130529205359,SP_INF_PMS_MASTER_VS,N  
6CTKC,380,0002,Air Pressure Low Fault,,20130529205359,SP_INF_PMS_MASTER_VS,N  
6CTKC,380,0003,CPU Fault,,20130529205359,SP_INF_PMS_MASTER_VS,N  
6CTKC,380,0004,Cycle T/O,,20130529205359,SP_INF_PMS_MASTER_VS,N  
6CTKC,380,0005,ID Fault,,20130529205359,SP_INF_PMS_MASTER_VS,N  
6CTKC,380,0006,Model Fault,,20130529205359,SP_INF_PMS_MASTER_VS,N  
6CTKC,380,0007,Oil Weight Remaining Low NG,,20130529205359,SP_INF_PMS_MASTER_VS,N  
6CTKC,380,0008,Oil Weight Remaining High NG,,20130529205359,SP_INF_PMS_MASTER_VS,N  
6CTKC,380,0009,Tank Level Abnormal,,20130529205359,SP_INF_PMS_MASTER_VS,N  
6CTKC,380,0010,,,20130529205359,SP_INF_PMS_MASTER_VS,N  
6CTKC,380,0011,,,20130529205359,SP_INF_PMS_MASTER_VS,N  
6CTKC,380,0012,,,20130529205359,SP_INF_PMS_MASTER_VS,N  
6CTKC,380,0013,AnsBack Fault,,20130529205359,SP_INF_PMS_MASTER_VS,N  
6CTKC,380,0014,PLC BATTERY LOW,,20130529205359,SP_INF_PMS_MASTER_VS,N  
6CTKC,380,0015,Melsec Link NG,,20130529205359,SP_INF_PMS_MASTER_VS,N  
6CTKC,380,0016,Others,,20130529205359,SP_INF_PMS_MASTER_VS,N  
6CTKC,390,0001,EMERGENCY STOP,,20130529205359,SP_INF_PMS_MASTER_VS,N  
6CTKC,390,0002,Air Pressure Low Fault,,20130529205359,SP_INF_PMS_MASTER_VS,N  
6CTKC,390,0003,CPU Fault,,20130529205359,SP_INF_PMS_MASTER_VS,N  
6CTKC,390,0004,,,20130529205359,SP_INF_PMS_MASTER_VS,N  
6CTKC,390,0005,ID Fault,,20130529205359,SP_INF_PMS_MASTER_VS,N  
6CTKC,390,0006,Model Fault,,20130529205359,SP_INF_PMS_MASTER_VS,N  
6CTKC,390,0007,NR NG,,20130529205359,SP_INF_PMS_MASTER_VS,N  
6CTKC,390,0008,,,20130529205359,SP_INF_PMS_MASTER_VS,N  
6CTKC,390,0009,,,20130529205359,SP_INF_PMS_MASTER_VS,N  
6CTKC,390,0010,,,20130529205359,SP_INF_PMS_MASTER_VS,N  
6CTKC,390,0011,,,20130529205359,SP_INF_PMS_MASTER_VS,N  
6CTKC,390,0012,,,20130529205359,SP_INF_PMS_MASTER_VS,N  
6CTKC,390,0013,AnsBack Fault,,20130529205359,SP_INF_PMS_MASTER_VS,N  
6CTKC,390,0014,PLC BATTERY LOW,,20130529205359,SP_INF_PMS_MASTER_VS,N  
6CTKC,390,0015,Melsec Link NG,,20130529205359,SP_INF_PMS_MASTER_VS,N  
6CTKC,390,0016,Others,,20130529205359,SP_INF_PMS_MASTER_VS,N  
6CTKC,400,0001,EMERGENCY STOP,,20130529205359,SP_INF_PMS_MASTER_VS,N  
6CTKC,400,0002,Air Pressure Low Fault,,20130529205359,SP_INF_PMS_MASTER_VS,N  
6CTKC,400,0003,CPU Fault,,20130529205359,SP_INF_PMS_MASTER_VS,N  
6CTKC,400,0004,,,20130529205359,SP_INF_PMS_MASTER_VS,N  
6CTKC,400,0005,ID Fault,,20130529205359,SP_INF_PMS_MASTER_VS,N  
6CTKC,400,0006,Model Fault,,20130529205359,SP_INF_PMS_MASTER_VS,N  
6CTKC,400,0007,Leak Test NG,,20130529205359,SP_INF_PMS_MASTER_VS,N  
6CTKC,400,0008,Leak Test Fault,,20130529205359,SP_INF_PMS_MASTER_VS,N  
6CTKC,400,0009,Reclaim NG,,20130529205359,SP_INF_PMS_MASTER_VS,N  
6CTKC,400,0010,Reclaim Fault,,20130529205359,SP_INF_PMS_MASTER_VS,N  
6CTKC,400,0011,,,20130529205359,SP_INF_PMS_MASTER_VS,N  
6CTKC,400,0012,,,20130529205359,SP_INF_PMS_MASTER_VS,N  
6CTKC,400,0013,AnsBack Fault,,20130529205359,SP_INF_PMS_MASTER_VS,N  
6CTKC,400,0014,PLC BATTERY LOW,,20130529205359,SP_INF_PMS_MASTER_VS,N  
6CTKC,400,0015,Melsec Link NG,,20130529205359,SP_INF_PMS_MASTER_VS,N  
6CTKC,400,0016,Others,,20130529205359,SP_INF_PMS_MASTER_VS,N  
6CTKC,410,0001,EMERGENCY STOP,,20130529205359,SP_INF_PMS_MASTER_VS,N  
6CTKC,410,0002,Air Pressure Low Fault,,20130529205359,SP_INF_PMS_MASTER_VS,N  
6CTKC,410,0003,CPU Fault,,20130529205359,SP_INF_PMS_MASTER_VS,N  
6CTKC,410,0004,Cycle T/O,,20130529205359,SP_INF_PMS_MASTER_VS,N  
6CTKC,410,0005,ID Fault,,20130529205359,SP_INF_PMS_MASTER_VS,N  
6CTKC,410,0006,Model Fault,,20130529205359,SP_INF_PMS_MASTER_VS,N  
6CTKC,410,0007,NR NG,,20130529205359,SP_INF_PMS_MASTER_VS,N  
6CTKC,410,0008,,,20130529205359,SP_INF_PMS_MASTER_VS,N  
6CTKC,410,0009,,,20130529205359,SP_INF_PMS_MASTER_VS,N  
6CTKC,410,0010,,,20130529205359,SP_INF_PMS_MASTER_VS,N  
6CTKC,410,0011,,,20130529205359,SP_INF_PMS_MASTER_VS,N  
6CTKC,410,0012,,,20130529205359,SP_INF_PMS_MASTER_VS,N  
6CTKC,410,0013,AnsBack Fault,,20130529205359,SP_INF_PMS_MASTER_VS,N  
6CTKC,410,0014,PLC BATTERY LOW,,20130529205359,SP_INF_PMS_MASTER_VS,N  
6CTKC,410,0015,Melsec Link NG,,20130529205359,SP_INF_PMS_MASTER_VS,N  
6CTKC,410,0016,Others,,20130529205359,SP_INF_PMS_MASTER_VS,N  
6CTKC,430,0001,EMERGENCY STOP,,20130529205359,SP_INF_PMS_MASTER_VS,N  
6CTKC,430,0002,Air Pressure Low Fault,,20130529205359,SP_INF_PMS_MASTER_VS,N  
6CTKC,430,0003,CPU Fault,,20130529205359,SP_INF_PMS_MASTER_VS,N  
6CTKC,430,0004,Cycle T/O,,20130529205359,SP_INF_PMS_MASTER_VS,N  
6CTKC,430,0005,ID Fault,,20130529205359,SP_INF_PMS_MASTER_VS,N  
6CTKC,430,0006,Model Fault,,20130529205359,SP_INF_PMS_MASTER_VS,N  
6CTKC,430,0007,Fault Auto Run Start Off,,20130529205359,SP_INF_PMS_MASTER_VS,N  
6CTKC,430,0008,,,20130529205359,SP_INF_PMS_MASTER_VS,N  
6CTKC,430,0009,,,20130529205359,SP_INF_PMS_MASTER_VS,N  
6CTKC,430,0010,,,20130529205359,SP_INF_PMS_MASTER_VS,N  
6CTKC,430,0011,,,20130529205359,SP_INF_PMS_MASTER_VS,N  
6CTKC,430,0012,,,20130529205359,SP_INF_PMS_MASTER_VS,N  
6CTKC,430,0013,AnsBack Fault,,20130529205359,SP_INF_PMS_MASTER_VS,N  
6CTKC,430,0014,PLC BATTERY LOW,,20130529205359,SP_INF_PMS_MASTER_VS,N  
6CTKC,430,0015,Melsec Link NG,,20130529205359,SP_INF_PMS_MASTER_VS,N  
6CTKC,430,0016,Others,,20130529205359,SP_INF_PMS_MASTER_VS,N  
6CTKD,440,0001,EMERGENCY STOP,,20130529205359,SP_INF_PMS_MASTER_VS,N  
6CTKD,440,0002,Air Pressure Low Fault,,20130529205359,SP_INF_PMS_MASTER_VS,N  
6CTKD,440,0003,CPU Fault,,20130529205359,SP_INF_PMS_MASTER_VS,N  
6CTKD,440,0004,,,20130529205359,SP_INF_PMS_MASTER_VS,N  
6CTKD,440,0005,ID Fault,,20130529205359,SP_INF_PMS_MASTER_VS,N  
6CTKD,440,0006,Model Fault,,20130529205359,SP_INF_PMS_MASTER_VS,N  
6CTKD,440,0007,Insert Force Low NG,,20130529205359,SP_INF_PMS_MASTER_VS,N  
6CTKD,440,0008,Insert Force High NG,,20130529205359,SP_INF_PMS_MASTER_VS,N  
6CTKD,440,0009,Insert Depth Low NG,,20130529205359,SP_INF_PMS_MASTER_VS,N  
6CTKD,440,0010,Insert Depth High NG,,20130529205359,SP_INF_PMS_MASTER_VS,N  
6CTKD,440,0011,,,20130529205359,SP_INF_PMS_MASTER_VS,N  
6CTKD,440,0012,,,20130529205359,SP_INF_PMS_MASTER_VS,N  
6CTKD,440,0013,AnsBack Fault,,20130529205359,SP_INF_PMS_MASTER_VS,N  
6CTKD,440,0014,PLC BATTERY LOW,,20130529205359,SP_INF_PMS_MASTER_VS,N  
6CTKD,440,0015,Melsec Link NG,,20130529205359,SP_INF_PMS_MASTER_VS,N  
6CTKD,440,0016,Others,,20130529205359,SP_INF_PMS_MASTER_VS,N  
6CTKD,450,0001,EMERGENCY STOP,,20130529205359,SP_INF_PMS_MASTER_VS,N  
6CTKD,450,0002,Air Pressure Low Fault,,20130529205359,SP_INF_PMS_MASTER_VS,N  
6CTKD,450,0003,CPU Fault,,20130529205359,SP_INF_PMS_MASTER_VS,N  
6CTKD,450,0004,,,20130529205359,SP_INF_PMS_MASTER_VS,N  
6CTKD,450,0005,ID Fault,,20130529205359,SP_INF_PMS_MASTER_VS,N  
6CTKD,450,0006,Model Fault,,20130529205359,SP_INF_PMS_MASTER_VS,N  
6CTKD,450,0007,Press Depth 1Low,,20130529205359,SP_INF_PMS_MASTER_VS,N  
6CTKD,450,0008,Press Depth 1High,,20130529205359,SP_INF_PMS_MASTER_VS,N  
6CTKD,450,0009,Press Depth 2Low,,20130529205359,SP_INF_PMS_MASTER_VS,N  
6CTKA,040,0010,PRESS 1 NG Low,,20130529205359,SP_INF_PMS_MASTER_VS,N  
6CTKA,040,0011,PRESS 2 NG Hi,,20130529205359,SP_INF_PMS_MASTER_VS,N  
6CTKA,040,0012,PRESS 2 NG Low,,20130529205359,SP_INF_PMS_MASTER_VS,N  
6CTKA,040,0013,AnsBack Fault,,20130529205359,SP_INF_PMS_MASTER_VS,N  
6CTKA,040,0014,PLC BATTERY LOW,,20130529205359,SP_INF_PMS_MASTER_VS,N  
6CTKA,040,0015,Melsec Link NG,,20130529205359,SP_INF_PMS_MASTER_VS,N  
6CTKA,040,0016,Others,,20130529205359,SP_INF_PMS_MASTER_VS,N  
6CTKA,050,0001,EMERGENCY STOP,,20130529205359,SP_INF_PMS_MASTER_VS,N  
6CTKA,050,0002,Air Pressure Low Fault,,20130529205359,SP_INF_PMS_MASTER_VS,N  
6CTKA,050,0003,CPU Fault,,20130529205359,SP_INF_PMS_MASTER_VS,N  
6CTKA,050,0004,Cycle T/O,,20130529205359,SP_INF_PMS_MASTER_VS,N  
6CTKA,050,0005,ID Fault,,20130529205359,SP_INF_PMS_MASTER_VS,N  
6CTKA,050,0006,Model Fault,,20130529205359,SP_INF_PMS_MASTER_VS,N  
6CTKA,050,0007,Actuator Fault,,20130529205359,SP_INF_PMS_MASTER_VS,N  
6CTKA,050,0008,Camera Check NG,,20130529205359,SP_INF_PMS_MASTER_VS,N  
6CTKA,050,0009,Camera Ready Off Fault,,20130529205359,SP_INF_PMS_MASTER_VS,N  
6CTKA,050,0010,S/Ring Check NG High,,20130529205359,SP_INF_PMS_MASTER_VS,N  
6CTKA,050,0011,S/Ring Check NG Low,,20130529205359,SP_INF_PMS_MASTER_VS,N  
6CTKA,050,0012,,,20130529205359,SP_INF_PMS_MASTER_VS,N  
6CTKA,050,0013,AnsBack Fault,,20130529205359,SP_INF_PMS_MASTER_VS,N  
6CTKA,050,0014,PLC BATTERY LOW,,20130529205359,SP_INF_PMS_MASTER_VS,N  
6CTKA,050,0015,Melsec Link NG,,20130529205359,SP_INF_PMS_MASTER_VS,N  
6CTKA,050,0016,Others,,20130529205359,SP_INF_PMS_MASTER_VS,N  
6CTKA,060,0001,EMERGENCY STOP,,20130529205359,SP_INF_PMS_MASTER_VS,N  
6CTKA,060,0002,Air Pressure Low Fault,,20130529205359,SP_INF_PMS_MASTER_VS,N  
6CTKA,060,0003,CPU Fault,,20130529205359,SP_INF_PMS_MASTER_VS,N  
6CTKA,060,0004,,,20130529205359,SP_INF_PMS_MASTER_VS,N  
6CTKA,060,0005,ID Fault,,20130529205359,SP_INF_PMS_MASTER_VS,N  
6CTKA,060,0006,Model Fault,,20130529205359,SP_INF_PMS_MASTER_VS,N  
6CTKA,060,0007,S/Plate Thick #1 Gauge Lo NG,,20130529205359,SP_INF_PMS_MASTER_VS,N  
6CTKA,060,0008,S/Plate Thick #1 Gauge Hi NG,,20130529205359,SP_INF_PMS_MASTER_VS,N  
6CTKA,060,0009,S/Plate Thick #2 Gauge Lo NG,,20130529205359,SP_INF_PMS_MASTER_VS,N  
6CTKA,060,0010,S/Plate Thick #2 Gauge Hi NG,,20130529205359,SP_INF_PMS_MASTER_VS,N  
6CTKA,060,0011,S/Plate Diff Gauge Lo NG,,20130529205359,SP_INF_PMS_MASTER_VS,N  
6CTKA,060,0012,S/Plate Diff Gauge Hi NG,,20130529205359,SP_INF_PMS_MASTER_VS,N  
6CTKA,060,0013,,,20130529205359,SP_INF_PMS_MASTER_VS,N  
6CTKA,060,0014,PLC BATTERY LOW,,20130529205359,SP_INF_PMS_MASTER_VS,N  
6CTKA,060,0015,Melsec Link NG,,20130529205359,SP_INF_PMS_MASTER_VS,N  
6CTKA,060,0016,Others,,20130529205359,SP_INF_PMS_MASTER_VS,N  
6CTKA,070,0001,EMERGENCY STOP,,20130529205359,SP_INF_PMS_MASTER_VS,N  
6CTKA,070,0002,Air Pressure Low Fault,,20130529205359,SP_INF_PMS_MASTER_VS,N  
6CTKA,070,0003,CPU Fault,,20130529205359,SP_INF_PMS_MASTER_VS,N  
6CTKA,070,0004,,,20130529205359,SP_INF_PMS_MASTER_VS,N  
6CTKA,070,0005,ID Fault,,20130529205359,SP_INF_PMS_MASTER_VS,N  
6CTKA,070,0006,Model Fault,,20130529205359,SP_INF_PMS_MASTER_VS,N  
6CTKA,070,0007,Actuator Fault,,20130529205359,SP_INF_PMS_MASTER_VS,N  
6CTKA,070,0008,NR NG,,20130529205359,SP_INF_PMS_MASTER_VS,N  
6CTKA,070,0009,,,20130529205359,SP_INF_PMS_MASTER_VS,N  
6CTKA,070,0010,,,20130529205359,SP_INF_PMS_MASTER_VS,N  
6CTKA,070,0011,,,20130529205359,SP_INF_PMS_MASTER_VS,N  
6CTKA,070,0012,,,20130529205359,SP_INF_PMS_MASTER_VS,N  
6CTKA,070,0013,,,20130529205359,SP_INF_PMS_MASTER_VS,N  
6CTKA,070,0014,PLC BATTERY LOW,,20130529205359,SP_INF_PMS_MASTER_VS,N  
6CTKA,070,0015,Melsec Link NG,,20130529205359,SP_INF_PMS_MASTER_VS,N  
6CTKA,070,0016,Others,,20130529205359,SP_INF_PMS_MASTER_VS,N  
6CTKA,090,0001,EMERGENCY STOP,,20130529205359,SP_INF_PMS_MASTER_VS,N  
6CTKA,090,0002,Air Pressure Low Fault,,20130529205359,SP_INF_PMS_MASTER_VS,N  
6CTKA,090,0003,CPU Fault,,20130529205359,SP_INF_PMS_MASTER_VS,N  
6CTKA,090,0004,,,20130529205359,SP_INF_PMS_MASTER_VS,N  
6CTKA,090,0005,ID Fault,,20130529205359,SP_INF_PMS_MASTER_VS,N  
6CTKA,090,0006,Model Fault,,20130529205359,SP_INF_PMS_MASTER_VS,N  
6CTKA,090,0007,Actuator Fault,,20130529205359,SP_INF_PMS_MASTER_VS,N  
6CTKA,090,0008,Ring Check Fault,,20130529205359,SP_INF_PMS_MASTER_VS,N  
6CTKA,090,0009,Ring Check Off Fault,,20130529205359,SP_INF_PMS_MASTER_VS,N  
6CTKA,090,0010,,,20130529205359,SP_INF_PMS_MASTER_VS,N  
6CTKA,090,0011,,,20130529205359,SP_INF_PMS_MASTER_VS,N  
6CTKA,090,0012,,,20130529205359,SP_INF_PMS_MASTER_VS,N  
6CTKA,090,0013,,,20130529205359,SP_INF_PMS_MASTER_VS,N  
6CTKA,090,0014,PLC BATTERY LOW,,20130529205359,SP_INF_PMS_MASTER_VS,N  
6CTKA,090,0015,Melsec Link NG,,20130529205359,SP_INF_PMS_MASTER_VS,N  
6CTKA,090,0016,Others,,20130529205359,SP_INF_PMS_MASTER_VS,N  
6CTKA,110,0001,EMERGENCY STOP,,20130529205359,SP_INF_PMS_MASTER_VS,N  
6CTKA,110,0002,Air Pressure Low Fault,,20130529205359,SP_INF_PMS_MASTER_VS,N  
6CTKA,110,0003,Cycle T/O,,20130529205359,SP_INF_PMS_MASTER_VS,N  
6CTKA,110,0004,ID Fault,,20130529205359,SP_INF_PMS_MASTER_VS,N  
6CTKB,290,0004,Cycle T/O,,20130529205359,SP_INF_PMS_MASTER_VS,N  
6CTKB,290,0005,ID Fault,,20130529205359,SP_INF_PMS_MASTER_VS,N  
6CTKB,290,0006,Model Fault,,20130529205359,SP_INF_PMS_MASTER_VS,N  
6CTKB,290,0007,YAMAHA NG,,20130529205359,SP_INF_PMS_MASTER_VS,N  
6CTKB,290,0008,,,20130529205359,SP_INF_PMS_MASTER_VS,N  
6CTKB,290,0009,,,20130529205359,SP_INF_PMS_MASTER_VS,N  
6CTKB,290,0010,,,20130529205359,SP_INF_PMS_MASTER_VS,N  
6CTKB,290,0011,,,20130529205359,SP_INF_PMS_MASTER_VS,N  
6CTKB,290,0012,,,20130529205359,SP_INF_PMS_MASTER_VS,N  
6CTKB,290,0013,AnsBack Fault,,20130529205359,SP_INF_PMS_MASTER_VS,N  
6CTKB,290,0014,PLC BATTERY LOW,,20130529205359,SP_INF_PMS_MASTER_VS,N  
6CTKB,290,0015,Melsec Link NG,,20130529205359,SP_INF_PMS_MASTER_VS,N  
6CTKB,290,0016,Others,,20130529205359,SP_INF_PMS_MASTER_VS,N  
6CTKB,300,0001,EMERGENCY STOP,,20130529205359,SP_INF_PMS_MASTER_VS,N  
6CTKB,300,0002,Air Pressure Low Fault,,20130529205359,SP_INF_PMS_MASTER_VS,N  
6CTKB,300,0003,CPU Fault,,20130529205359,SP_INF_PMS_MASTER_VS,N  
6CTKB,300,0004,Cycle T/O,,20130529205359,SP_INF_PMS_MASTER_VS,N  
6CTKB,300,0005,ID Fault,,20130529205359,SP_INF_PMS_MASTER_VS,N  
6CTKB,300,0006,Model Fault,,20130529205359,SP_INF_PMS_MASTER_VS,N  
6CTKB,300,0007,YAMAHA NG,,20130529205359,SP_INF_PMS_MASTER_VS,N  
6CTKB,300,0008,,,20130529205359,SP_INF_PMS_MASTER_VS,N  
6CTKB,300,0009,,,20130529205359,SP_INF_PMS_MASTER_VS,N  
6CTKB,300,0010,,,20130529205359,SP_INF_PMS_MASTER_VS,N  
6CTKB,300,0011,,,20130529205359,SP_INF_PMS_MASTER_VS,N  
6CTKB,300,0012,,,20130529205359,SP_INF_PMS_MASTER_VS,N  
6CTKB,300,0013,AnsBack Fault,,20130529205359,SP_INF_PMS_MASTER_VS,N  
6CTKB,300,0014,PLC BATTERY LOW,,20130529205359,SP_INF_PMS_MASTER_VS,N  
6CTKB,300,0015,Melsec Link NG,,20130529205359,SP_INF_PMS_MASTER_VS,N  
6CTKB,300,0016,Others,,20130529205359,SP_INF_PMS_MASTER_VS,N  
6CTKB,330,0001,EMERGENCY STOP,,20130529205359,SP_INF_PMS_MASTER_VS,N  
6CTKB,330,0002,Air Pressure Low Fault,,20130529205359,SP_INF_PMS_MASTER_VS,N  
6CTKB,330,0003,CPU Fault,,20130529205359,SP_INF_PMS_MASTER_VS,N  
6CTKB,330,0004,,,20130529205359,SP_INF_PMS_MASTER_VS,N  
6CTKB,330,0005,ID Fault,,20130529205359,SP_INF_PMS_MASTER_VS,N  
6CTKB,330,0006,Model Fault,,20130529205359,SP_INF_PMS_MASTER_VS,N  
6CTKB,330,0007,Fault Auto Run Start Off,,20130529205359,SP_INF_PMS_MASTER_VS,N  
6CTKB,330,0008,,,20130529205359,SP_INF_PMS_MASTER_VS,N  
6CTKB,330,0009,,,20130529205359,SP_INF_PMS_MASTER_VS,N  
6CTKB,330,0010,,,20130529205359,SP_INF_PMS_MASTER_VS,N  
6CTKB,330,0011,,,20130529205359,SP_INF_PMS_MASTER_VS,N  
6CTKB,330,0012,,,20130529205359,SP_INF_PMS_MASTER_VS,N  
6CTKB,330,0013,,,20130529205359,SP_INF_PMS_MASTER_VS,N  
6CTKB,330,0014,PLC BATTERY LOW,,20130529205359,SP_INF_PMS_MASTER_VS,N  
6CTKB,330,0015,Melsec Link NG,,20130529205359,SP_INF_PMS_MASTER_VS,N  
6CTKB,330,0016,Others,,20130529205359,SP_INF_PMS_MASTER_VS,N  
6CTKC,360,0001,EMERGENCY STOP,,20130529205359,SP_INF_PMS_MASTER_VS,N  
6CTKC,360,0002,Air Pressure Low Fault,,20130529205359,SP_INF_PMS_MASTER_VS,N  
6CTKC,360,0003,CPU Fault,,20130529205359,SP_INF_PMS_MASTER_VS,N  
6CTKC,360,0004,Cycle T/O,,20130529205359,SP_INF_PMS_MASTER_VS,N  
6CTKC,360,0005,ID Fault,,20130529205359,SP_INF_PMS_MASTER_VS,N  
6CTKC,360,0006,Model Fault,,20130529205359,SP_INF_PMS_MASTER_VS,N  
6CTKC,360,0007,Actuator Fault,,20130529205359,SP_INF_PMS_MASTER_VS,N  
6CTKC,360,0008,NOISE TEST NG,,20130529205359,SP_INF_PMS_MASTER_VS,N  
6CTKC,360,0009,,,20130529205359,SP_INF_PMS_MASTER_VS,N  
6CTKC,360,0010,,,20130529205359,SP_INF_PMS_MASTER_VS,N  
6CTKC,360,0011,,,20130529205359,SP_INF_PMS_MASTER_VS,N  
6CTKC,360,0012,,,20130529205359,SP_INF_PMS_MASTER_VS,N  
6CTKC,360,0013,AnsBack Fault,,20130529205359,SP_INF_PMS_MASTER_VS,N  
6CTKC,360,0014,PLC BATTERY LOW,,20130529205359,SP_INF_PMS_MASTER_VS,N  
6CTKC,360,0015,Melsec Link NG,,20130529205359,SP_INF_PMS_MASTER_VS,N  
6CTKD,450,0010,Press Depth 2High,,20130529205359,SP_INF_PMS_MASTER_VS,N  
6CTKD,450,0011,,,20130529205359,SP_INF_PMS_MASTER_VS,N  
6CTKD,450,0012,,,20130529205359,SP_INF_PMS_MASTER_VS,N  
6CTKD,450,0013,AnsBack Fault,,20130529205359,SP_INF_PMS_MASTER_VS,N  
6CTKD,450,0014,PLC BATTERY LOW,,20130529205359,SP_INF_PMS_MASTER_VS,N  
6CTKD,450,0015,Melsec Link NG,,20130529205359,SP_INF_PMS_MASTER_VS,N  
6CTKD,450,0016,Others,,20130529205359,SP_INF_PMS_MASTER_VS,N  
6CTKD,460,0001,EMERGENCY STOP,,20130529205359,SP_INF_PMS_MASTER_VS,N  
6CTKD,460,0002,Air Pressure Low Fault,,20130529205359,SP_INF_PMS_MASTER_VS,N  
6CTKD,460,0003,CPU Fault,,20130529205359,SP_INF_PMS_MASTER_VS,N  
6CTKD,460,0004,,,20130529205359,SP_INF_PMS_MASTER_VS,N  
6CTKD,460,0005,ID Fault,,20130529205359,SP_INF_PMS_MASTER_VS,N  
6CTKD,460,0006,Model Fault,,20130529205359,SP_INF_PMS_MASTER_VS,N  
6CTKD,460,0007,Coil Press Hight Lower NG,,20130529205359,SP_INF_PMS_MASTER_VS,N  
6CTKD,460,0008,Coil Press Hight Upper NG,,20130529205359,SP_INF_PMS_MASTER_VS,N  
6CTKD,460,0009,,,20130529205359,SP_INF_PMS_MASTER_VS,N  
6CTKD,460,0010,,,20130529205359,SP_INF_PMS_MASTER_VS,N  
6CTKD,460,0011,,,20130529205359,SP_INF_PMS_MASTER_VS,N  
6CTKD,460,0012,,,20130529205359,SP_INF_PMS_MASTER_VS,N  
6CTKD,460,0013,AnsBack Fault,,20130529205359,SP_INF_PMS_MASTER_VS,N  
6CTKD,460,0014,PLC BATTERY LOW,,20130529205359,SP_INF_PMS_MASTER_VS,N  
6CTKD,460,0015,Melsec Link NG,,20130529205359,SP_INF_PMS_MASTER_VS,N  
6CTKD,460,0016,Others,,20130529205359,SP_INF_PMS_MASTER_VS,N  
6CTKD,470,0001,EMERGENCY STOP,,20130529205359,SP_INF_PMS_MASTER_VS,N  
6CTKD,470,0002,Air Pressure Low Fault,,20130529205359,SP_INF_PMS_MASTER_VS,N  
6CTKD,470,0003,CPU Fault,,20130529205359,SP_INF_PMS_MASTER_VS,N  
6CTKD,470,0004,Cycle T/O,,20130529205359,SP_INF_PMS_MASTER_VS,N  
6CTKD,470,0005,ID Fault,,20130529205359,SP_INF_PMS_MASTER_VS,N  
6CTKD,470,0006,Model Fault,,20130529205359,SP_INF_PMS_MASTER_VS,N  
6CTKD,470,0007,Press Lower NG,,20130529205359,SP_INF_PMS_MASTER_VS,N  
6CTKD,470,0008,Press Upper NG,,20130529205359,SP_INF_PMS_MASTER_VS,N  
6CTKD,470,0009,Load Lower NG,,20130529205359,SP_INF_PMS_MASTER_VS,N  
6CTKD,470,0010,Load Upper NG,,20130529205359,SP_INF_PMS_MASTER_VS,N  
6CTKD,470,0011,Visual Check NG,,20130529205359,SP_INF_PMS_MASTER_VS,N  
6CTKD,470,0012,,,20130529205359,SP_INF_PMS_MASTER_VS,N  
6CTKD,470,0013,AnsBack Fault,,20130529205359,SP_INF_PMS_MASTER_VS,N  
6CTKD,470,0014,PLC BATTERY LOW,,20130529205359,SP_INF_PMS_MASTER_VS,N  
6CTKD,470,0015,Melsec Link NG,,20130529205359,SP_INF_PMS_MASTER_VS,N  
6CTKD,470,0016,Others,,20130529205359,SP_INF_PMS_MASTER_VS,N  
6CTKD,480,0001,EMERGENCY STOP,,20130529205359,SP_INF_PMS_MASTER_VS,N  
6CTKD,480,0002,Air Pressure Low Fault,,20130529205359,SP_INF_PMS_MASTER_VS,N  
6CTKD,480,0003,CPU Fault,,20130529205359,SP_INF_PMS_MASTER_VS,N  
6CTKD,480,0004,,,20130529205359,SP_INF_PMS_MASTER_VS,N  
6CTKD,480,0005,ID Fault,,20130529205359,SP_INF_PMS_MASTER_VS,N  
6CTKD,480,0006,Model Fault,,20130529205359,SP_INF_PMS_MASTER_VS,N  
6CTKD,480,0007,Pulley Gap Lower NG,,20130529205359,SP_INF_PMS_MASTER_VS,N  
6CTKD,480,0008,Pulley Gap Upper NG,,20130529205359,SP_INF_PMS_MASTER_VS,N  
6CTKD,480,0009,DHUB Gap Lower NG,,20130529205359,SP_INF_PMS_MASTER_VS,N  
6CTKD,480,0010,DHUB Gap Upper NG,,20130529205359,SP_INF_PMS_MASTER_VS,N  
6CTKD,480,0011,Spacer Rank Lower NG,,20130529205359,SP_INF_PMS_MASTER_VS,N  
6CTKD,480,0012,Spacer Rank Upper NG,,20130529205359,SP_INF_PMS_MASTER_VS,N  
6CTKD,480,0013,AnsBack Fault,,20130529205359,SP_INF_PMS_MASTER_VS,N  
6CTKD,480,0014,PLC BATTERY LOW,,20130529205359,SP_INF_PMS_MASTER_VS,N  
6CTKD,480,0015,Melsec Link NG,,20130529205359,SP_INF_PMS_MASTER_VS,N  
6CTKD,480,0016,Others,,20130529205359,SP_INF_PMS_MASTER_VS,N  
6CTKD,490,0001,EMERGENCY STOP,,20130529205359,SP_INF_PMS_MASTER_VS,N  
6CTKD,490,0002,Air Pressure Low Fault,,20130529205359,SP_INF_PMS_MASTER_VS,N  
6CTKD,490,0003,CPU Fault,,20130529205359,SP_INF_PMS_MASTER_VS,N  
6CTKD,490,0004,,,20130529205359,SP_INF_PMS_MASTER_VS,N  
6CTKD,490,0005,ID Fault,,20130529205359,SP_INF_PMS_MASTER_VS,N  
6CTKD,490,0006,Model Fault,,20130529205359,SP_INF_PMS_MASTER_VS,N  
6CTKD,490,0007,Air Gap Measurement NG,,20130529205359,SP_INF_PMS_MASTER_VS,N  
6CTKD,490,0008,Bolt Heigt Lower NG,,20130529205359,SP_INF_PMS_MASTER_VS,N  
6CTKD,490,0009,Bolt Heigt Upper NG,,20130529205359,SP_INF_PMS_MASTER_VS,N  
6CTKD,490,0010,,,20130529205359,SP_INF_PMS_MASTER_VS,N  
6CTKD,490,0011,,,20130529205359,SP_INF_PMS_MASTER_VS,N  
6CTKD,490,0012,,,20130529205359,SP_INF_PMS_MASTER_VS,N  
6CTKD,490,0013,AnsBack Fault,,20130529205359,SP_INF_PMS_MASTER_VS,N  
6CTKD,490,0014,PLC BATTERY LOW,,20130529205359,SP_INF_PMS_MASTER_VS,N  
6CTKD,490,0015,Melsec Link NG,,20130529205359,SP_INF_PMS_MASTER_VS,N  
6CTKD,490,0016,Others,,20130529205359,SP_INF_PMS_MASTER_VS,N  
6CTKD,500,0001,EMERGENCY STOP,,20130529205359,SP_INF_PMS_MASTER_VS,N  
6CTKD,500,0002,Air Pressure Low Fault,,20130529205359,SP_INF_PMS_MASTER_VS,N  
6CTKD,500,0003,CPU Fault,,20130529205359,SP_INF_PMS_MASTER_VS,N  
6CTKD,500,0004,Cycle T/O,,20130529205359,SP_INF_PMS_MASTER_VS,N  
6CTKD,500,0005,ID Fault,,20130529205359,SP_INF_PMS_MASTER_VS,N  
6CTKD,500,0006,Model Fault,,20130529205359,SP_INF_PMS_MASTER_VS,N  
6CTKD,500,0007,Labeler Fault,,20130529205359,SP_INF_PMS_MASTER_VS,N  
6CTKD,500,0008,Label Data Fault,,20130529205359,SP_INF_PMS_MASTER_VS,N  
6CTKD,500,0009,Sub C/V 3 Error,,20130529205359,SP_INF_PMS_MASTER_VS,N  
6CTKD,500,0010,,,20130529205359,SP_INF_PMS_MASTER_VS,N  
6CTKD,500,0011,,,20130529205359,SP_INF_PMS_MASTER_VS,N  
6CTKD,500,0012,,,20130529205359,SP_INF_PMS_MASTER_VS,N  
6CTKD,500,0013,Label Ribon Near End,,20130529205359,SP_INF_PMS_MASTER_VS,N  
6CTKD,500,0014,PLC BATTERY LOW,,20130529205359,SP_INF_PMS_MASTER_VS,N  
6CTKD,500,0015,Melsec Link NG,,20130529205359,SP_INF_PMS_MASTER_VS,N  
6CTKD,500,0016,Others,,20130529205359,SP_INF_PMS_MASTER_VS,N  
6CTKC,355,0001,EMERGENCY STOP,,20130529205359,SP_INF_PMS_MASTER_VS,N  
6CTKC,355,0002,Air Pressure Low Fault,,20130529205359,SP_INF_PMS_MASTER_VS,N  
6CTKC,355,0003,CPU Fault,,20130529205359,SP_INF_PMS_MASTER_VS,N  
6CTKC,355,0004,Cycle T/O,,20130529205359,SP_INF_PMS_MASTER_VS,N  
6CTKC,355,0005,ID Fault,,20130529205359,SP_INF_PMS_MASTER_VS,N  
6CTKC,355,0006,Model Fault,,20130529205359,SP_INF_PMS_MASTER_VS,N  
6CTKC,355,0007,Actuator Fault,,20130529205359,SP_INF_PMS_MASTER_VS,N  
6CTKC,355,0008,Fuction Test NG,,20130529205359,SP_INF_PMS_MASTER_VS,N  
6CTKC,355,0009,,,20130529205359,SP_INF_PMS_MASTER_VS,N  
6CTKC,355,0010,,,20130529205359,SP_INF_PMS_MASTER_VS,N  
6CTKC,355,0011,,,20130529205359,SP_INF_PMS_MASTER_VS,N  
6CTKC,355,0012,,,20130529205359,SP_INF_PMS_MASTER_VS,N  
6CTKC,355,0013,AnsBack Fault,,20130529205359,SP_INF_PMS_MASTER_VS,N  
6CTKC,355,0014,PLC BATTERY LOW,,20130529205359,SP_INF_PMS_MASTER_VS,N  
6CTKC,355,0015,Melsec Link NG,,20130529205359,SP_INF_PMS_MASTER_VS,N  
6CTKC,355,0016,Others,,20130529205359,SP_INF_PMS_MASTER_VS,N  
6CTKA,126,0015,Melsec Link NG,,20130529205359,SP_INF_PMS_MASTER_VS,N  
6CTKA,126,0016,Others,,20130529205359,SP_INF_PMS_MASTER_VS,N  
6CTKA,127,0001,EMERGENCY STOP,,20130529205359,SP_INF_PMS_MASTER_VS,N  
6CTKA,127,0002,Air Pressure Low Fault,,20130529205359,SP_INF_PMS_MASTER_VS,N  
6CTKA,127,0003,CPU Fault,,20130529205359,SP_INF_PMS_MASTER_VS,N  
6CTKA,127,0004,Cycle T/O,,20130529205359,SP_INF_PMS_MASTER_VS,N  
6CTKA,127,0005,ID Fault,,20130529205359,SP_INF_PMS_MASTER_VS,N  
6CTKA,127,0006,Model Fault,,20130529205359,SP_INF_PMS_MASTER_VS,N  
6CTKA,127,0007,,,20130529205359,SP_INF_PMS_MASTER_VS,N  
6CTKA,127,0008,,,20130529205359,SP_INF_PMS_MASTER_VS,N  
6CTKA,127,0009,,,20130529205359,SP_INF_PMS_MASTER_VS,N  
6CTKA,127,0010,,,20130529205359,SP_INF_PMS_MASTER_VS,N  
6CTKA,127,0011,,,20130529205359,SP_INF_PMS_MASTER_VS,N  
6CTKA,127,0012,,,20130529205359,SP_INF_PMS_MASTER_VS,N  
6CTKA,127,0013,AnsBack Fault,,20130529205359,SP_INF_PMS_MASTER_VS,N  
6CTKA,127,0014,PLC BATTERY LOW,,20130529205359,SP_INF_PMS_MASTER_VS,N  
6CTKA,127,0015,Melsec Link NG,,20130529205359,SP_INF_PMS_MASTER_VS,N  
6CTKA,127,0016,Others,,20130529205359,SP_INF_PMS_MASTER_VS,N  
6CTKA,140,0001,EMERGENCY STOP,,20130529205359,SP_INF_PMS_MASTER_VS,N  
6CTKA,140,0002,Air Pressure Low Fault,,20130529205359,SP_INF_PMS_MASTER_VS,N  
6CTKA,140,0003,CPU Fault,,20130529205359,SP_INF_PMS_MASTER_VS,N  
6CTKA,140,0004,Cycle T/O,,20130529205359,SP_INF_PMS_MASTER_VS,N  
6CTKA,140,0005,ID Fault,,20130529205359,SP_INF_PMS_MASTER_VS,N  
6CTKA,140,0006,Model Fault,,20130529205359,SP_INF_PMS_MASTER_VS,N  
6CTKA,140,0007,Piston #1 Shoe Check NG,,20130529205359,SP_INF_PMS_MASTER_VS,N  
6CTKA,140,0008,Piston #2 Shoe Check NG,,20130529205359,SP_INF_PMS_MASTER_VS,N  
6CTKA,140,0009,Piston #3 Shoe Check NG,,20130529205359,SP_INF_PMS_MASTER_VS,N  
6CTKA,140,0010,Piston #4 Shoe Check NG,,20130529205359,SP_INF_PMS_MASTER_VS,N  
6CTKA,140,0011,Piston #5 Shoe Check NG,,20130529205359,SP_INF_PMS_MASTER_VS,N  
6CTKA,140,0012,Piston #6 Shoe Check NG,,20130529205359,SP_INF_PMS_MASTER_VS,N  
6CTKA,140,0013,Piston #7 Shoe Check NG,,20130529205359,SP_INF_PMS_MASTER_VS,N  
6CTKA,140,0014,AnsBack Fault,,20130529205359,SP_INF_PMS_MASTER_VS,N  
6CTKA,140,0015,Melsec Link NG,,20130529205359,SP_INF_PMS_MASTER_VS,N  
6CTKA,140,0016,Others,,20130529205359,SP_INF_PMS_MASTER_VS,N  
6CTKA,150,0001,EMERGENCY STOP,,20130529205359,SP_INF_PMS_MASTER_VS,N  
6CTKA,150,0002,Air Pressure Low Fault,,20130529205359,SP_INF_PMS_MASTER_VS,N  
6CTKA,150,0003,CPU Fault,,20130529205359,SP_INF_PMS_MASTER_VS,N  
6CTKA,150,0004,Cycle T/O,,20130529205359,SP_INF_PMS_MASTER_VS,N  
6CTKA,150,0005,ID Fault,,20130529205359,SP_INF_PMS_MASTER_VS,N  
6CTKA,150,0006,Model Fault,,20130529205359,SP_INF_PMS_MASTER_VS,N  
6CTKA,150,0007,Actuator Fault,,20130529205359,SP_INF_PMS_MASTER_VS,N  
6CTKA,150,0008,Press Lower NG,,20130529205359,SP_INF_PMS_MASTER_VS,N  
6CTKA,150,0009,Press Upper Low,,20130529205359,SP_INF_PMS_MASTER_VS,N  
6CTKA,150,0010,,,20130529205359,SP_INF_PMS_MASTER_VS,N  
6CTKA,150,0011,,,20130529205359,SP_INF_PMS_MASTER_VS,N  
6CTKA,150,0012,,,20130529205359,SP_INF_PMS_MASTER_VS,N  
6CTKA,150,0013,AnsBack Fault,,20130529205359,SP_INF_PMS_MASTER_VS,N  
6CTKA,150,0014,PLC BATTERY LOW,,20130529205359,SP_INF_PMS_MASTER_VS,N  
6CTKA,150,0015,Melsec Link NG,,20130529205359,SP_INF_PMS_MASTER_VS,N  
6CTKA,150,0016,Others,,20130529205359,SP_INF_PMS_MASTER_VS,N  
6CTKA,160,0001,EMERGENCY STOP,,20130529205359,SP_INF_PMS_MASTER_VS,N  
6CTKA,160,0002,Air Pressure Low Fault,,20130529205359,SP_INF_PMS_MASTER_VS,N  
6CTKA,160,0003,CPU Fault,,20130529205359,SP_INF_PMS_MASTER_VS,N  
6CTKA,160,0004,Cycle T/O,,20130529205359,SP_INF_PMS_MASTER_VS,N  
6CTKA,160,0005,ID Fault,,20130529205359,SP_INF_PMS_MASTER_VS,N  
6CTKA,160,0006,Model Fault,,20130529205359,SP_INF_PMS_MASTER_VS,N  
6CTKA,160,0007,Cyl. Height Gauge NG Hi,,20130529205359,SP_INF_PMS_MASTER_VS,N  
6CTKA,160,0008,Cyl. Height Gauge NG Lo,,20130529205359,SP_INF_PMS_MASTER_VS,N  
6CTKA,160,0009,F/Head Gauge NG Hi,,20130529205359,SP_INF_PMS_MASTER_VS,N  
6CTKA,160,0010,F/Head Gauge NG Lo,,20130529205359,SP_INF_PMS_MASTER_VS,N  
6CTKA,160,0011,Clearance Gauge NG Hi,,20130529205359,SP_INF_PMS_MASTER_VS,N  
6CTKA,160,0012,Clearance Gauge NG Lo,,20130529205359,SP_INF_PMS_MASTER_VS,N  
6CTKA,160,0013,Gauge Fault,,20130529205359,SP_INF_PMS_MASTER_VS,N  
6CTKA,160,0014,AnsBack Fault,,20130529205359,SP_INF_PMS_MASTER_VS,N  
6CTKA,160,0015,Melsec Link NG,,20130529205359,SP_INF_PMS_MASTER_VS,N  
6CTKA,160,0016,Others,,20130529205359,SP_INF_PMS_MASTER_VS,N  
6CTKA,180,0001,EMERGENCY STOP,,20130529205359,SP_INF_PMS_MASTER_VS,N  
6CTKA,180,0002,Air Pressure Low Fault,,20130529205359,SP_INF_PMS_MASTER_VS,N  
6CTKA,180,0003,ID Fault,,20130529205359,SP_INF_PMS_MASTER_VS,N  
6CTKA,180,0004,Model Fault,,20130529205359,SP_INF_PMS_MASTER_VS,N  
6CTKA,180,0005,Piston #1 Top Clearance NG,,20130529205359,SP_INF_PMS_MASTER_VS,N  
6CTKA,180,0006,Piston #2 Top Clearance NG,,20130529205359,SP_INF_PMS_MASTER_VS,N  
6CTKA,180,0007,Piston #3 Top Clearance NG,,20130529205359,SP_INF_PMS_MASTER_VS,N  
6CTKA,180,0008,Piston #4 Top Clearance NG,,20130529205359,SP_INF_PMS_MASTER_VS,N  
6CTKA,180,0009,Piston #5 Top Clearance NG,,20130529205359,SP_INF_PMS_MASTER_VS,N  
6CTKA,180,0010,Piston #6 Top Clearance NG,,20130529205359,SP_INF_PMS_MASTER_VS,N  
6CTKA,180,0011,Piston #7 Top Clearance NG,,20130529205359,SP_INF_PMS_MASTER_VS,N  
6CTKA,180,0012,Max. Shaft Torque NG,,20130529205359,SP_INF_PMS_MASTER_VS,N  
6CTKA,180,0013,Diff. Shaft Torque NG,,20130529205359,SP_INF_PMS_MASTER_VS,N  
6CTKA,180,0014,AnsBack Fault,,20130529205359,SP_INF_PMS_MASTER_VS,N  
6CTKA,180,0015,Melsec Link NG,,20130529205359,SP_INF_PMS_MASTER_VS,N  
6CTKA,180,0016,Others,,20130529205359,SP_INF_PMS_MASTER_VS,N  
6CTKA,200,0001,EMERGENCY STOP,,20130529205359,SP_INF_PMS_MASTER_VS,N  
6CTKA,200,0002,Air Pressure Low Fault,,20130529205359,SP_INF_PMS_MASTER_VS,N  
6CTKA,200,0003,CPU Fault,,20130529205359,SP_INF_PMS_MASTER_VS,N  
6CTKA,200,0004,Cycle T/O,,20130529205359,SP_INF_PMS_MASTER_VS,N  
6CTKA,200,0005,ID Fault,,20130529205359,SP_INF_PMS_MASTER_VS,N  
6CTKA,200,0006,Model Fault,,20130529205359,SP_INF_PMS_MASTER_VS,N  
6CTKA,200,0007,Actuator Fault,,20130529205359,SP_INF_PMS_MASTER_VS,N  
6CTKA,200,0008,Work Clamp 1 Check NG,,20130529205359,SP_INF_PMS_MASTER_VS,N  
6CTKA,200,0009,NR NG,,20130529205359,SP_INF_PMS_MASTER_VS,N  
6CTKA,200,0010,,,20130529205359,SP_INF_PMS_MASTER_VS,N  
6CTKA,200,0011,,,20130529205359,SP_INF_PMS_MASTER_VS,N  
6CTKA,200,0012,,,20130529205359,SP_INF_PMS_MASTER_VS,N  
6CTKA,200,0013,AnsBack Fault,,20130529205359,SP_INF_PMS_MASTER_VS,N  
6CTKA,200,0014,PLC BATTERY LOW,,20130529205359,SP_INF_PMS_MASTER_VS,N  
6CTKA,200,0015,Melsec Link NG,,20130529205359,SP_INF_PMS_MASTER_VS,N  
6CTKA,200,0016,Others,,20130529205359,SP_INF_PMS_MASTER_VS,N  
6CTKA,210,0001,EMERGENCY STOP,,20130529205359,SP_INF_PMS_MASTER_VS,N  
6CTKA,210,0002,Air Pressure Low Fault,,20130529205359,SP_INF_PMS_MASTER_VS,N  
6CTKA,210,0003,CPU Fault,,20130529205359,SP_INF_PMS_MASTER_VS,N  
6CTKA,210,0004,Cycle T/O,,20130529205359,SP_INF_PMS_MASTER_VS,N  
6CTKA,210,0005,ID Fault,,20130529205359,SP_INF_PMS_MASTER_VS,N  
6CTKA,210,0006,Model Fault,,20130529205359,SP_INF_PMS_MASTER_VS,N  
6CTKA,210,0007,Actuator Fault,,20130529205359,SP_INF_PMS_MASTER_VS,N  
6CTKA,210,0008,Seal Check Hi NG,,20130529205359,SP_INF_PMS_MASTER_VS,N  
6CTKA,210,0009,Seal Check Lo NG,,20130529205359,SP_INF_PMS_MASTER_VS,N  
6CTKA,210,0010,Gauge Fault,,20130529205359,SP_INF_PMS_MASTER_VS,N  
6CTKA,210,0011,,,20130529205359,SP_INF_PMS_MASTER_VS,N  
6CTKA,210,0012,,,20130529205359,SP_INF_PMS_MASTER_VS,N  
6CTKA,210,0013,AnsBack Fault,,20130529205359,SP_INF_PMS_MASTER_VS,N  
6CTKA,210,0014,PLC BATTERY LOW,,20130529205359,SP_INF_PMS_MASTER_VS,N  
6CTKA,210,0015,Melsec Link NG,,20130529205359,SP_INF_PMS_MASTER_VS,N  
6CTKA,210,0016,Others,,20130529205359,SP_INF_PMS_MASTER_VS,N  
6CTKA,220,0001,EMERGENCY STOP,,20130529205359,SP_INF_PMS_MASTER_VS,N  
6CTKA,220,0002,Air Pressure Low Fault,,20130529205359,SP_INF_PMS_MASTER_VS,N  
6CTKA,220,0003,CPU Fault,,20130529205359,SP_INF_PMS_MASTER_VS,N  
6CTKA,220,0004,Cycle T/O,,20130529205359,SP_INF_PMS_MASTER_VS,N  
6CTKA,220,0005,ID Fault,,20130529205359,SP_INF_PMS_MASTER_VS,N  
6CTKA,220,0006,Model Fault,,20130529205359,SP_INF_PMS_MASTER_VS,N  
6CTKA,220,0007,Actuator Fault,,20130529205359,SP_INF_PMS_MASTER_VS,N  
6CTKA,220,0008,,,20130529205359,SP_INF_PMS_MASTER_VS,N  
6CTKA,220,0009,CPX 1000 Fault,,20130529205359,SP_INF_PMS_MASTER_VS,N  
6CTKA,220,0010,,,20130529205359,SP_INF_PMS_MASTER_VS,N  
6CTKA,220,0011,,,20130529205359,SP_INF_PMS_MASTER_VS,N  
6CTKA,220,0012,,,20130529205359,SP_INF_PMS_MASTER_VS,N  
6CTKA,220,0013,,,20130529205359,SP_INF_PMS_MASTER_VS,N  
6CTKA,220,0014,PLC BATTERY LOW,,20130529205359,SP_INF_PMS_MASTER_VS,N  
6CTKA,220,0015,Melsec Link NG,,20130529205359,SP_INF_PMS_MASTER_VS,N  
6CTKA,220,0016,Others,,20130529205359,SP_INF_PMS_MASTER_VS,N  
6CTKB,250,0001,EMERGENCY STOP,,20130529205359,SP_INF_PMS_MASTER_VS,N  
6CTKB,250,0002,Air Pressure Low Fault,,20130529205359,SP_INF_PMS_MASTER_VS,N  
6CTKB,250,0003,CPU Fault,,20130529205359,SP_INF_PMS_MASTER_VS,N  
6CTKB,250,0004,Cycle T/O,,20130529205359,SP_INF_PMS_MASTER_VS,N  
6CTKB,250,0005,ID Fault,,20130529205359,SP_INF_PMS_MASTER_VS,N  
6CTKB,250,0006,Model Fault,,20130529205359,SP_INF_PMS_MASTER_VS,N  
6CTKB,250,0007,Actuator Fault,,20130529205359,SP_INF_PMS_MASTER_VS,N  
6CTKB,250,0008,Model(3) C-307 Fault,,20130529205359,SP_INF_PMS_MASTER_VS,N  
6CTKB,250,0009,NR Trouble,,20130529205359,SP_INF_PMS_MASTER_VS,N  
6CTKB,250,0010,,,20130529205359,SP_INF_PMS_MASTER_VS,N  
6CTKB,250,0011,,,20130529205359,SP_INF_PMS_MASTER_VS,N  
6CTKB,250,0012,,,20130529205359,SP_INF_PMS_MASTER_VS,N  
6CTKB,250,0013,,,20130529205359,SP_INF_PMS_MASTER_VS,N  
6CTKB,250,0014,PLC BATTERY LOW,,20130529205359,SP_INF_PMS_MASTER_VS,N  
6CTKB,250,0015,Melsec Link NG,,20130529205359,SP_INF_PMS_MASTER_VS,N  
6CTKB,250,0016,Others,,20130529205359,SP_INF_PMS_MASTER_VS,N  
6CTKB,260,0001,EMERGENCY STOP,,20130529205359,SP_INF_PMS_MASTER_VS,N  
6CTKB,260,0002,Air Pressure Low Fault,,20130529205359,SP_INF_PMS_MASTER_VS,N  
6CTKB,260,0003,CPU Fault,,20130529205359,SP_INF_PMS_MASTER_VS,N  
6CTKB,260,0004,Cycle T/O,,20130529205359,SP_INF_PMS_MASTER_VS,N  
6CTKB,260,0005,ID Fault,,20130529205359,SP_INF_PMS_MASTER_VS,N  
6CTKB,260,0006,Model Fault,,20130529205359,SP_INF_PMS_MASTER_VS,N  
6CTKB,260,0007,YAMAHA Test NG,,20130529205359,SP_INF_PMS_MASTER_VS,N  
6CTKB,260,0008,,,20130529205359,SP_INF_PMS_MASTER_VS,N  
6CTKB,260,0009,,,20130529205359,SP_INF_PMS_MASTER_VS,N  
6CTKB,260,0010,,,20130529205359,SP_INF_PMS_MASTER_VS,N  
6CTKB,260,0011,,,20130529205359,SP_INF_PMS_MASTER_VS,N  
6CTKB,260,0012,,,20130529205359,SP_INF_PMS_MASTER_VS,N  
6CTKB,260,0013,AnsBack Fault,,20130529205359,SP_INF_PMS_MASTER_VS,N  
6CTKB,260,0014,PLC BATTERY LOW,,20130529205359,SP_INF_PMS_MASTER_VS,N  
6CTKB,260,0015,Melsec Link NG,,20130529205359,SP_INF_PMS_MASTER_VS,N  
6CTKB,260,0016,Others,,20130529205359,SP_INF_PMS_MASTER_VS,N  
6CTKB,270,0001,EMERGENCY STOP,,20130529205359,SP_INF_PMS_MASTER_VS,N  
6CTKB,270,0002,Air Pressure Low Fault,,20130529205359,SP_INF_PMS_MASTER_VS,N  
6CTKB,270,0003,CPU Fault,,20130529205359,SP_INF_PMS_MASTER_VS,N  
6CTKB,270,0004,Cycle T/O,,20130529205359,SP_INF_PMS_MASTER_VS,N  
6CTKB,270,0005,ID Fault,,20130529205359,SP_INF_PMS_MASTER_VS,N  
6CTKB,270,0006,Model Fault,,20130529205359,SP_INF_PMS_MASTER_VS,N  
6CTKB,270,0007,YAMAHA Test NG,,20130529205359,SP_INF_PMS_MASTER_VS,N  
6CTKB,270,0008,,,20130529205359,SP_INF_PMS_MASTER_VS,N  
6CTKB,270,0009,,,20130529205359,SP_INF_PMS_MASTER_VS,N  
6CTKB,270,0010,,,20130529205359,SP_INF_PMS_MASTER_VS,N  
6CTKB,270,0011,,,20130529205359,SP_INF_PMS_MASTER_VS,N  
6CTKB,270,0012,,,20130529205359,SP_INF_PMS_MASTER_VS,N  
6CTKB,270,0013,AnsBack Fault,,20130529205359,SP_INF_PMS_MASTER_VS,N  
6CTKB,270,0014,PLC BATTERY LOW,,20130529205359,SP_INF_PMS_MASTER_VS,N  
6CTKB,270,0015,Melsec Link NG,,20130529205359,SP_INF_PMS_MASTER_VS,N  
6CTKB,270,0016,Others,,20130529205359,SP_INF_PMS_MASTER_VS,N  
6CTKB,280,0001,EMERGENCY STOP,,20130529205359,SP_INF_PMS_MASTER_VS,N  
6CTKB,280,0002,Air Pressure Low Fault,,20130529205359,SP_INF_PMS_MASTER_VS,N  
6CTKB,280,0003,CPU Fault,,20130529205359,SP_INF_PMS_MASTER_VS,N  
6CTKB,280,0004,Cycle T/O,,20130529205359,SP_INF_PMS_MASTER_VS,N  
6CTKB,280,0005,ID Fault,,20130529205359,SP_INF_PMS_MASTER_VS,N  
6CTKB,280,0006,Model Fault,,20130529205359,SP_INF_PMS_MASTER_VS,N  
6CTKB,280,0007,YAMAHA Test NG,,20130529205359,SP_INF_PMS_MASTER_VS,N  
6CTKB,280,0008,,,20130529205359,SP_INF_PMS_MASTER_VS,N  
6CTKB,280,0009,,,20130529205359,SP_INF_PMS_MASTER_VS,N  
6CTKB,280,0010,,,20130529205359,SP_INF_PMS_MASTER_VS,N  
6CTKB,280,0011,,,20130529205359,SP_INF_PMS_MASTER_VS,N  
6CTKB,280,0012,,,20130529205359,SP_INF_PMS_MASTER_VS,N  
6CTKB,280,0013,AnsBack Fault,,20130529205359,SP_INF_PMS_MASTER_VS,N  
6CTKB,280,0014,PLC BATTERY LOW,,20130529205359,SP_INF_PMS_MASTER_VS,N  
6CTKB,280,0015,Melsec Link NG,,20130529205359,SP_INF_PMS_MASTER_VS,N  
6CTKB,280,0016,Others,,20130529205359,SP_INF_PMS_MASTER_VS,N  
6CTKB,290,0001,EMERGENCY STOP,,20130529205359,SP_INF_PMS_MASTER_VS,N  
6CTKB,290,0002,Air Pressure Low Fault,,20130529205359,SP_INF_PMS_MASTER_VS,N  
6CTKB,290,0003,CPU Fault,,20130529205359,SP_INF_PMS_MASTER_VS,N  
