OPERATION_ID,PRODUCT_ID,CUSTOMER_ID,PART_NO,PART_NAME,CAR_TYPE,CAR_NAME,PALLET_QTY
System-6PATA,System-E105LQ9SA01,,DN82-61-158,DUCT-HEATER SIDE,LH,,,10
System-6PATA,System-E105LQ9TA01,,DN20-61-158,DUCT-HEATER SIDE,LH,,,10
System-6PAUB,System-F101QQVLA09,,97601-02902,EVAPORATOR UNIT,,,2
System-6PAUB,System-F101RAXAA04,,BVY3-61-520,COOLING UNIT,,,2
System-6PAUB,System-F101RAXLA04,,BK7S-61-520,COOLING UNIT,,,2
System-6PAUB,System-F101RD3AA01,,UP58-61-520,COOLING UNIT,,,2
System-6PAUB,System-F101RD3AB01,,UR11-61-520,COOLING UNIT,,,2
System-6PAUB,System-F101RD3LB01,,UP60-61-520,COOLING UNIT,,,2
System-6PAUB,System-F101RD3MA01,,UP59-61-520,COOLING UNIT,,,2
System-6PAUB,System-F101RK6AA01,,UJ06-61-520J,COOLING UNIT,,,2
System-6PAUB,System-F101RK6AB01,,UJ36-61-520H,COOLING UNIT,,,2
System-6PAUB,System-F101RK6AC01,,UP58-61-520A,COOLING UNIT,,,2
System-6PAUB,System-F101RK6AD01,,UR11-61-520A,COOLING UNIT,,,2
System-6PAUB,System-F101RK6LA03,,UK28-61-520E,COOLING UNIT,,,2
System-6PAUB,System-F101RK6LB01,,UH81-61-520D,COOLING UNIT,,,2
System-6PAUB,System-F101RK6LC01,,UP21-61-520B,COOLING UNIT,,,2
System-6PAUB,System-F101RK6LD01,,UP60-61-520A,COOLING UNIT,,,2
System-6PAUB,System-F101RK6LE01,,UA6G-61-520,COOLING UNIT,,,2
System-6PAUB,System-F101RK6LF01,,UB2K-61-520,COOLING UNIT,,,2
System-6PAUB,System-F101RZWAA11,,UJ06-61-520H,COOLING UNIT,,,2
System-6PAUB,System-F101RZWAB10,,UJ36-61-520G,COOLING UNIT,,,2
System-6PAUB,System-F101RZWLA07,,UH81-61-520C,COOLING UNIT,,,2
System-6PAUB,System-F101RZWLB09,,UK28-61-520B,COOLING UNIT,,,2
System-6PAUB,System-F101RZWMA08,,UH71-61-520E,COOLING UNIT,,,2
System-6PATA,System-F103RAXLA05,,BK7S-61-J01,CASE 'A', COOLING UNIT,,,10
System-6PAUJ,System-F123BF1LA01,,F123BF1LA01,EVAP & BLOWER UNIT,,,20
System-6PAUJ,System-F123PA4LA01,,F123PA4LA01,BLOWER & EVAP UNIT,,,1
System-6PAUJ,System-F124DC4MA03,,972003K540M,HEATER COMPLETE ASSY-FATC,,,1
System-6PAUK,System-F124LP4AA10,,5M5119B555AM,EVP & BLW ASY A/C,,,1
System-6PAUK,System-F124LP4AE04,,5M5119B555VD,EVP & BLW ASY A/C,,,1
System-6PAUK,System-F124LP4AF01,,5M5119B555TH,EVP & BLW ASY A/C,,,1
System-6PAUK,System-F124LP4BA06,,5M5119B555EH,EVP & BLW ASY A/C,,,1
System-6PAUK,System-F124LP4CA08,,5M5119B555CK,EVP & BLW ASY A/C,,,1
System-6PAUK,System-F124LP4CB03,,5M5119B555UC,EVP & BLW ASY A/C,,,1
System-6PAUK,System-F124LP4LA10,,5M5119B555BL,EVP & BLW ASY A/C,,,1
System-6PAUK,System-F124LP4LB10,,5M5119B555HM,EVP & BLW ASY A/C,,,1
System-6PAUK,System-F124LP4MA06,,5M5119B555FH,EVP & BLW ASY A/C,,,1
System-6PAUK,System-F124LP4NA08,,5M5119B555DK,EVP & BLW ASY A/C,,,1
System-6PAUK,System-F124LP4NB06,,5M5119B555KG,EVP & BLW ASY A/C,,,1
System-6PAUK,System-F124LP4NC06,,5M5119B555MG,EVP & BLW ASY A/C,,,1
System-6PAUK,System-F124LPCPA03,,BV6N 19B555 VC,EVP & BLW ASY A/C,,,1
System-6PAQB,System-D250LPCSX01,,BV6N18B539CA,HEATER CORE & SEAL ASSY(C346 LHD),,,60
System-6PASD,System-D250LPCSX01,,BV6N18B539CA,HEATER CORE & SEAL ASSY(C346 LHD),,,60
System-6PAQB,System-D250LPCTX01,,BV6N18B539DA,CORE HEATER,,,60
System-6PASD,System-D250LPCTX01,,BV6N18B539DA,CORE HEATER,,,60
System-6PASD,System-D250LQ9QA01,,DN28-61-A10,CORE,HEATER  UNIT,,,60
System-6PASD,System-D250LQ9RA01,,DN24-61-A10,CORE,HEATER  UNIT,,,60
System-6PASD,System-D250LQ9SA01,,DN82-61-A10,CORE HEATER,,,60
System-6PASD,System-D250LQ9TA01,,DN20-61-A10,CORE HEATER,,,60
System-6PASD,System-D250LYALA01,,UC9P-61-A08,CORE HEATER UNIT,,,120
System-6PASD,System-D250RM7TA01,,92205878,CORE ASM-HTR,,,60
System-6PASD,System-D250RZWAA05,,UJ06-61-A10,HEATER-CORE,,,1
System-6PASD,System-D250RZWBA05,,UJ08-61-A10,HEATER-CORE,,,1
System-6PASD,System-D250RZWLA05,,UH81-61-A10,CORE, HEATER UNIT,,,1
System-6PASD,System-D250RZWPA03,,UK27-61-A10,HEATER CORE,,,1
System-6PAQB,System-D251LYALA01,,D251LYALA01,HEATER CORE ASSY PIPE,,,120
System-6PARE,System-D251LYALA01,,D251LYALA01,HEATER CORE ASSY PIPE,,,120
System-6PASD,System-D251LYALA01,,D251LYALA01,HEATER CORE ASSY PIPE,,,120
System-6PALA,System-D254LP4AA01,,D254LP4AA01,FIN-HTR CORE,,,80
System-6PAUA,System-D300RAXLA03,,BK8C-61-140,BLOWER UNIT,,,2
System-6PAUA,System-D300RD3LA02,,UH71-61-140C,BLOWER UNIT,,,2
System-6PAUA,System-D300RK6AA04,,UR83-61-140A,BLOWER UNIT,,,2
System-6PAUA,System-D300RK6AB04,,UA7G-61-140A,BLOWER UNIT,,,2
System-6PAUA,System-D300RK6LA04,,UR56-61-140B,BLOWER UNIT,,,2
System-6PAUA,System-D300RK6LB02,,UR71-61-140A,BLOWER UNIT,,,2
System-6PAUA,System-D300RK6LC01,,D300RK6LC01,BLOWER UNIT,,,2
System-6PAUA,System-D300RZWAA08,,UJ06-61-140C,BLOWER UNIT,,,2
System-6PAUA,System-D300RZWLA08,,UH72-61-140C,BLOWER UNIT,,,2
System-6PAUA,System-D300RZWLT01,,UA2C-61-140,BLOWER UNIT,,,2
System-6PAUA,System-D300RZWMA07,,UH71-61-140B,BLOWER UNIT,,,2
System-6PAUA,System-D300TC6LA02,,UA6G-61-140A,BLOWER UNIT,,,2
System-6PATA,System-D302RAXLA04,,BK8C-61-B01,CASE 'A' ,BLOWER UNIT,,,20
System-6PATA,System-D304RAXLA04,,BK8C-61-B02,CASE 'B', BLOWER UNIT,,,20
System-6PAUK,System-F124LYAAC04,,UD1R-61-130C,HEATER UNIT,,,9
System-6PAUK,System-F124LYAAD06,,UD1V-61-130D,HEATER UNIT,,,9
System-6PAUK,System-F124LYAAE06,,UD1W-61-130D,HEATER UNIT,,,9
System-6PAUK,System-F124LYABA03,,UC8S-61-130C,HEATER UNIT,,,9
System-6PAUK,System-F124LYABB01,,UC8R-61-130B,HEATER UNIT,,,9
System-6PAUK,System-F124LYABC03,,UC9B-61-130C,HEATER UNIT,,,9
System-6PAUK,System-F124LYALA06,,UC9P-61-130E,HEATER UNIT,,,9
System-6PAUK,System-F124LYALB06,,UC9N-61-130E,HEATER UNIT,,,12
System-6PAUK,System-F124LYALC04,,UC9M-61-130D,HEATER UNIT,,,9
System-6PAUK,System-F124LYALD06,,UC9R-61-130E,HEATER UNIT,,,9
System-6PAUK,System-F124LYALE06,,UC9S-61-130E,HEATER UNIT,,,9
System-6PAUJ,System-F124RM7LA06,,92250220,MODULE ASM-HTR & A/C EVAP&BLO,,,1
System-6PAUJ,System-F124RM7LB06,,92250221,MODULE ASM-HTR & A/C EVAP&BLO,,,1
System-6PAUJ,System-F124RM7LC02,,92246216,MODULE ASM-HTR & A/C EVAP&BLO,,,1
System-6PAUJ,System-F124RM7LD02,,92245064,MODULE ASM-HTR & A/C EVAP&BLO,,,1
System-6PAUJ,System-F124RM7LE02,,92293503,MODULE ASM-HTR & A/C EVAP&BLO,,,1
System-6PAUJ,System-F124RM7LF02,,92293502,MODULE ASM-HTR & A/C EVAP&BLO,,,1
System-6PAWQ,System-F139RD3LA04,,UP21-61-838B,PIPE, REAR - COOLER,,,25
System-6PAWQ,System-F139TC6AA01,,UB2G-61-838,PIPE COOLER,,,50
System-6PAWQ,System-F139TC6LA01,,UA6G-61-838B,PIPE COOLER # 8,,,25
System-6PAWQ,System-F139TC6LB02,,UA6G-61-835A,PIPE COOLER # 5,,,25
System-6PAWQ,System-F139TE7AC02,,92450JR80C,PIPE COMPL-FR COOLER,LOW,,,15
System-6PAWQ,System-F139TE7LA04,,92450EB70A,PIPE COMPL-FR COOLER,LOW,,,20
System-6PAWQ,System-F139TE7LC02,,92450EB70C,PIPE COMPL-FR COOLER,LOW,,,30
System-6PAWQ,System-F139TE7SA01,,92451JR80B,PIPE COMPL-FR COOLER,LOW,,,1
System-6PAWQ,System-F139TE7SL01,,92451EB70B,PIPE FRONT COOLER,LOW A D40,,,1
System-6PAWG,System-F139TIBLA01,,92450VY10A,PIPE COMPL-FR COOLER,,,15
System-6PAWJ,System-F139TIBLA01,,92450VY10A,PIPE COMPL-FR COOLER,,,15
System-6PAWQ,System-F139TIBLA01,,92450VY10A,PIPE COMPL-FR COOLER,,,15
System-6PARC,System-F140LP4AA01,,F140LP4AA01,COND SUB ASS'Y,,,20
System-6PASB,System-F148LP4AA01,,5M5H19850AA,CORE COMPLT ASS'Y EVA,,,1
System-6PASB,System-F148LP4LA01,,5M5H19850BA,EVAPORATOR ASSY ,RHD,,,1
System-6PARA,System-F150BF1BB02,,F150BF1BB02,EVAPORATOR ASSY (REAR),,,120
System-6PARC,System-F150BF1BB02,,F150BF1BB02,EVAPORATOR ASSY (REAR),,,120
System-6PARE,System-D417LYAAA01,,D417LYAAA01,CORE & TANK ASSY-HTR,,,120
System-6PASD,System-D417LYAAA01,System-P,D417LYAAA01,CORE & TANK ASSY-HTR,,,120
System-6PATA,System-D901LQ9SA02,,DN82-61-150A,DUCT-AIR,,,20
System-6PATA,System-D901LQ9SB02,,DN83-61-150A,DUCT-AIR,,,20
System-6PATA,System-D901LQ9TA02,,DN20-61-150A,DUCT-AIR,,,20
System-6PATA,System-D911LQ9SA01,,DN82-61-156,DUCT-SHOWER,,,10
System-6PATA,System-D911LQ9TA01,,DN20-61-A07,DUCT HEATER UNIT,,,10
System-6PATA,System-E104LQ9SA01,,DN82-61-157,DUCT-HEATER SIDE,RH,,,10
System-6PATA,System-E104LQ9TA01,,DN20-61-157,DUCT-HEATER SIDE,RH,,,10
System-6PAUD,System-C337RD3BA01,,UP21-61-200B,SWITCH ASSY-FAN,,,1
System-6PAUD,System-C365RZWLA01,,UH81-61-C04,PANEL - PLATE,,,1
System-6PAUD,System-C800RD3AA01,,UP58-61-190C,CONTROL ASSY - HEATER,,,1
System-6PAUD,System-C800RD3AB01,,UR11-61-190C,CONTROL ASSY-HEATER,,,1
System-6PAUD,System-C800RD3LA01,,UP60-61-190C,CONTROL ASSY-HEATER,,,1
System-6PAUD,System-C800RD3LB02,,UP59-61-190D,CONTROL ASSY HEATER,,,1
System-6PAUD,System-C800RD3MA02,,UP21-61-190C,CONTROL ASSY HEATER,,,1
System-6PAUD,System-C800RZWAA04,,UJ06-61-190B,CONTROL ASSY-HEATER,,,1
System-6PAUD,System-C800RZWAB05,,UJ36-61-190B,CONTROL ASSY-HEATER,,,1
System-6PAUD,System-C800RZWLA04,,UH81-61-190C,CONTROL ASSY-HEATER,,,1
System-6PAUD,System-C800RZWLB06,,UK28-61-190E,CONTROL ASSY-HEATER,,,1
System-6PAUD,System-C800RZWMA03,,UH71-61-190,CONTROL ASSY-HEATER,,,1
System-6PAUD,System-C800RZWMB01,,UM65-61-190B,CONTROL ASSY-HEATER,,,1
System-6PAUC,System-D100RK6AA02,,UJ08-61-130H,HEATER UNIT,,,2
System-6PAUC,System-D100RK6BA02,,UJ06-61-130H,HEATER UNIT,,,2
System-6PAUC,System-D100RK6LA02,,UH81-61-130G,HEATER UNIT,,,2
System-6PAUC,System-D100RK6PA02,,UK27-61-130G,HEATER UNIT,,,2
System-6PAUC,System-D100RZWAA12,,UJ06-61-130F,HEATER UNIT,,,2
System-6PAUC,System-D100RZWAB10,,UJ36-61-130E,HEATER UNIT,,,2
System-6PAUC,System-D100RZWBA12,,UJ08-61-130F,HEATER UNIT,,,2
System-6PAPB,System-A152AZPBB01,,A152-AZPBB-01,FIN & PLATE ASSY - EVAPORATOR CORE,,,80
System-6PARH,System-A152AZPBB01,,A152-AZPBB-01,FIN & PLATE ASSY - EVAPORATOR CORE,,,60
System-6PAPB,System-A152AZPBD01,,A152-AZPBD-01,FIN & PLATE ASSY - EVAPORATOR CORE,,,80
System-6PARH,System-A152AZPBD01,,A152-AZPBD-01,FIN & PLATE ASSY - EVAPORATOR CORE,,,90
System-6PANC,System-A152BBJAB01,,92239219-1-17-SS,FIN & PLATE ASSY-E/CORE,,,96
System-6PAPB,System-A152BBJAB01,,92239219-1-17-SS,FIN & PLATE ASSY-E/CORE,,,80
System-6PAKA,System-A771RZWLA01,,A771-RZWLA-01,NO CUP-BLANK PLATE-A/C E/CORE,,,50
System-6PALA,System-A771RZWLA01,,A771-RZWLA-01,NO CUP-BLANK PLATE-A/C E/CORE,,,50
System-6PATA,System-C302RZWLA06,,C302-RZWLA-06,HOUSING (BASE),,,20
System-6PATA,System-C322RD3SL01,,U268-000254-A,A/C SWITCH PANEL-UNPAINTED (EXPORTA/C SWITCH PANEL,,,20
System-6PATA,System-C322RD3SV01,,UP20V1199,Appligue Ror A/C Sullen,,,20
System-6PATA,System-C322RZWLA04,,J97T000606A,A/C SWITCH PANEL-EXPORT,,,20
System-6PATA,System-C322RZWMB01,,J97T-000301-A,A/C SWITCH  PANEL,,,20
System-6PAUC,System-D100RZWLA11,,UH81-61-130E,HEATER UNIT,,,2
System-6PAUC,System-D100RZWLB10,,UK28-61-130E,HEATER UNIT,,,2
System-6PAUC,System-D100RZWPA11,,UK27-61-130E,HEATER UNIT,,,2
System-6PATA,System-D102RZWLB04,,UK28-61-A03A,CASE-HEATER; LEFT,,,20
System-6PATA,System-D104RZWLA05,,UH81-61-A01,CASE 'A', HEATER UNIT,,,20
System-6PASD,System-D250LP4AA02,,5M5H18B539AB,HEATER CORE,,,60
System-6PASD,System-D250LP4LA02,,5M5H18B539BB,HEATER CORE,,,60
System-6PAUK,System-F124LPCPB03,,BV6N 19B555 XC,EVP & BLW ASY A/C,,,1
System-6PAUK,System-F124LPCSA03,,BV6N 19B555 CC,EVP & BLW ASY A/C,,,1
System-6PAUK,System-F124LPCSB03,,BV6N 19B555 GC,EVP & BLW ASY A/C,,,1
System-6PAUK,System-F124LPCTA04,,BV6N 19B555 DD,EVP & BLW ASY A/C,,,1
System-6PAUK,System-F124LPCTB04,,BV6N 19B555 HD,EVP & BLW ASY A/C,,,1
System-6PAUK,System-F124LPCUB03,,BV6N 19B555 FC,EVP & BLW ASY A/C,,,1
System-6PAUK,System-F124LQ9PA01,,DP07-61-130,HEATER UNIT,,,1
System-6PAUK,System-F124LQ9PB01,,DP01-61-130,HEATER UNIT,,,1
System-6PAUK,System-F124LQ9QA01,,DN28-61-130,HEATER UNIT,,,1
System-6PAUK,System-F124LQ9QB01,,DA4S-61-130,HEATER UNIT,,,1
System-6PAUK,System-F124LQ9QB02,,DA4S-61-130,HEATER UNIT,,,1
System-6PAUK,System-F124LQ9RA01,,DN24-61-130,HEATER UNIT,,,1
System-6PAUK,System-F124LQ9RB01,,DN25-61-130,HEATER UNIT,,,1
System-6PAUK,System-F124LQ9SA07,,DN82-61-130G,HEATER UNIT,,,1
System-6PAUK,System-F124LQ9SB06,,DN83-61-130F,HEATER UNIT,,,1
System-6PAUK,System-F124LQ9TA07,,DN20-61-130G,HEATER UNIT,,,1
System-6PAUK,System-F124LQ9UA07,,DN69-61-130G,HEATER UNIT,,,1
System-6PAUK,System-F124LQ9UB06,,DN21-61-130F,HEATER UNIT,,,1
System-6PAUK,System-F124LQ9YA07,,DL33-61-130F,HEATER UNIT,,,1
System-6PAUK,System-F124LYAAA06,,UD1T-61-130D,HEATER UNIT,,,9
System-6PAUK,System-F124LYAAB06,,UG1G-61-130D,HEATER UNIT,,,9
System-6PARH,System-F150BF1BB02,,F150BF1BB02,EVAPORATOR ASSY (REAR),,,120
System-6PASB,System-F150BF1BB02,,F150BF1BB02,EVAPORATOR ASSY (REAR),,,120
System-6PARA,System-F150BF1LA01,,F150BF1LA01,EVAPORATOR ASSY (FRONT),,,120
System-6PARC,System-F150BF1LA01,,F150BF1LA01,EVAPORATOR ASSY (FRONT),,,120
System-6PARH,System-F150BF1LA01,,F150BF1LA01,EVAPORATOR ASSY (FRONT),,,120
System-6PASB,System-F150BF1LA01,,F150BF1LA01,EVAPORATOR ASSY (FRONT),,,120
System-6PARC,System-F150LP4AA02,,5M5H19860AA,FIN & PLATE ASS'Y-E/CORE,,,120
System-6PASB,System-F150LP4AA02,,5M5H19860AA,FIN & PLATE ASS'Y-E/CORE,,,120
System-6PARC,System-F150LP4TA01,,F150LP4TA01,CORE COMPLT ASSY-EVAP,,,120
System-6PARH,System-F150LP4TA01,,F150LP4TA01,CORE COMPLT ASSY-EVAP,,,180
System-6PASB,System-F150LP4TA01,,F150LP4TA01,CORE COMPLT ASSY-EVAP,,,120
System-6PASB,System-F150LQ9TS01,,DLY3-61-J1Z,COATING EVAPO.W/SENS,,,10
System-6PARH,System-F150LYALA01,,UC9P-61-210,CORE A/C EVAPORATOR,,,120
System-6PASB,System-F150LYALA01,,UC9P-61-210,CORE A/C EVAPORATOR,,,120
System-6PARA,System-F150RD3BA03,,UP21-61-P10A,CORE COMPLETE ASS'Y A/C EVAP,,,1
System-6PARC,System-F150RD3BA03,,UP21-61-P10A,CORE COMPLETE ASS'Y A/C EVAP,,,1
System-6PASB,System-F150RD3BA03,,UP21-61-P10A,CORE COMPLETE ASS'Y A/C EVAP,,,1
System-6PARA,System-F150RK6BA01,,UR55-61-P10,CORE COMPLETE ASS'Y-A/C EVAP,,,60
System-6PARC,System-F150RK6BA01,,UR55-61-P10,CORE COMPLETE ASS'Y-A/C EVAP,,,60
System-6PARA,System-F150RK6LA02,,F150-RK6LA-02,EVAP CORE ASSY,,,120
System-6PARC,System-F150RK6LA02,,F150-RK6LA-02,EVAP CORE ASSY,,,120
System-6PASB,System-F150RK6LA02,,F150-RK6LA-02,EVAP CORE ASSY,,,120
System-6PARA,System-F150RK6LC02,,F150RK6LC02,EVAPORATORS,,,120
System-6PASB,System-F150RK6LC02,,F150RK6LC02,EVAPORATORS,,,120
System-6PARC,System-F150RM7TB01,,92205891,EVAPORATOR KIT A/C,,,20
System-6PASB,System-F150RM7TB01,,92205891,EVAPORATOR KIT A/C,,,20
System-6PASB,System-F150RM7TC01,,92205879,EVAPORATOR KIT A/C,,,1
System-6PAQB,System-F151BF1LA01,,F151BF1LA01,CORE ASS'Y A/C EVAP,,,54
System-6PARH,System-F151LP4TA01,,F151LP4TA01,EVAP CORE (W/O SEAL & O-RING, W/CAP),,,180
System-6PASB,System-F151LP4TA01,,F151LP4TA01,EVAP CORE (W/O SEAL & O-RING, W/CAP),,,120
System-6PASB,System-F151LQ9TA01,,DN20-61-J10,EVAPORATOR ASSY,,,1
System-6PARC,System-F151LQ9TS01,,F151LQ9TS01,EVAPORATOR ASS'Y,,,120
System-6PAQB,System-F151LYALA01,,F151LYALA01,FIN & PLATE ASSY-E/CORE,,,120
System-6PARC,System-F151LYALA01,,F151LYALA01,FIN & PLATE ASSY-E/CORE,,,120
System-6PARH,System-F151LYALA01,,F151LYALA01,FIN & PLATE ASSY-E/CORE,,,120
System-6PANC,System-F152TF5AA02,,60235194-5-14,FIN & PLATE ASSY-E/CORE,,,60
System-6PAPB,System-F152TF5AA02,,60235194-5-14,FIN & PLATE ASSY-E/CORE,,,60
System-6PARH,System-F152TF5AA02,,60235194-5-14,FIN & PLATE ASSY-E/CORE,,,168
System-6PANC,System-F152TF5AB02,,60235224-10-13,FIN & PLATE ASSY-E/CORE,,,60
System-6PAPB,System-F152TF5AB02,,60235224-10-13,FIN & PLATE ASSY-E/CORE,,,60
System-6PARH,System-F152TF5AB02,,60235224-10-13,FIN & PLATE ASSY-E/CORE,,,168
System-6PANC,System-F152TF5AC01,,60235224-6-16,FIN & PLATE ASSY-E/CORE,,,60
System-6PAPB,System-F152TF5AC01,,60235224-6-16,FIN & PLATE ASSY-E/CORE,,,60
System-6PARH,System-F152TF5AC01,,60235224-6-16,FIN & PLATE ASSY-E/CORE,,,168
System-6PARH,System-F152TF5AD01,,60235224-2-20,FIN & PLATE ASSY-E/CORE,,,168
System-6PANC,System-F152TF5AE01,,60235234-2-21,FIN & PLATE ASSY-E/CORE,,,60
System-6PAPB,System-F152TF5AE01,,60235234-2-21,FIN & PLATE ASSY-E/CORE,,,60
System-6PARH,System-F152TF5AE01,,60235234-2-21,FIN & PLATE ASSY-E/CORE,,,168
System-6PANC,System-F152TF5AF01,,60235214-5-16,FIN & PLATE ASSY-E/CORE,,,60
System-6PAPB,System-F152TF5AF01,,60235214-5-16,FIN & PLATE ASSY-E/CORE,,,60
System-6PARH,System-F152TF5AF01,,60235214-5-16,FIN & PLATE ASSY-E/CORE,,,168
System-6PANC,System-F152TF5AI01,,60235224-5-17,FIN & PLATE ASSY-E/CORE,,,60
System-6PAPB,System-F152TF5AI01,,60235224-5-17,FIN & PLATE ASSY-E/CORE,,,60
System-6PARH,System-F152TF5AI01,,60235224-5-17,FIN & PLATE ASSY-E/CORE,,,60
System-6PARH,System-F152TF5AJ01,,60235204-5-15,FIN & PLATE ASSY-E/CORE,,,60
System-6PANC,System-F152TF5BA01,,F152TF5BA01,EVAPORATOR CORE,,,60
System-6PAPB,System-F152TF5BA01,,F152TF5BA01,EVAPORATOR CORE,,,60
System-6PARH,System-F152TF5BA01,,F152TF5BA01,EVAPORATOR CORE,,,120
System-6PANC,System-F152TF5BB01,,81235217-9-11,FIN & PLATE ASS'Y-E/CORE,,,60
System-6PAPB,System-F152TF5BB01,,81235217-9-11,FIN & PLATE ASS'Y-E/CORE,,,60
System-6PARH,System-F152TF5BB01,,81235217-9-11,FIN & PLATE ASS'Y-E/CORE,,,120
System-6PANC,System-F152TF5BC01,,81235217-5-14,FIN & PLATE ASS'Y-E/CORE,,,60
System-6PAPB,System-F152TF5BC01,,81235217-5-14,FIN & PLATE ASS'Y-E/CORE,,,60
System-6PARH,System-F152TF5BC01,,81235217-5-14,FIN & PLATE ASS'Y-E/CORE,,,120
System-6PANC,System-F152TF5BD01,,81235229-5-15,FIN & PLATE ASS'Y-E/CORE,,,60
System-6PAPB,System-F152TF5BD01,,81235229-5-15,FIN & PLATE ASS'Y-E/CORE,,,60
System-6PARH,System-F152TF5BD01,,81235229-5-15,FIN & PLATE ASS'Y-E/CORE,,,60
System-6PANC,System-F152TF5BE01,,81235229-9-11,FIN & PLATE ASS'Y-E/CORE,,,60
System-6PAPB,System-F152TF5BE01,,81235229-9-11,FIN & PLATE ASS'Y-E/CORE,,,60
System-6PARH,System-F152TF5BE01,,81235229-9-11,FIN & PLATE ASS'Y-E/CORE,,,60
System-6PANC,System-F152TF5BF01,,81235265-6-17,FIN & PLATE ASS'Y-E/CORE,,,60
System-6PAPB,System-F152TF5BF01,,81235265-6-17,FIN & PLATE ASS'Y-E/CORE,,,60
System-6PARH,System-F152TF5BF01,,81235265-6-17,FIN & PLATE ASS'Y-E/CORE,,,60
System-6PANC,System-F152TF5BG01,,81235301-12-14,FIN & PLATE ASS'Y-E/CORE,,,60
System-6PAPB,System-F152TF5BG01,,81235301-12-14,FIN & PLATE ASS'Y-E/CORE,,,60
System-6PARH,System-F152TF5BG01,,81235301-12-14,FIN & PLATE ASS'Y-E/CORE,,,60
System-6PANC,System-F152TF5BH01,,81235289-2-23,FIN & PLATE ASS'Y-E/CORE,,,60
System-6PAPB,System-F152TF5BH01,,81235289-2-23,FIN & PLATE ASS'Y-E/CORE,,,60
System-6PARH,System-F152TF5BH01,,81235289-2-23,FIN & PLATE ASS'Y-E/CORE,,,60
System-6PANC,System-F152TF5BI01,,81235289-11-13,FIN & PLATE ASSY-E/CORE,,,60
System-6PAPB,System-F152TF5BI01,,81235289-11-13,FIN & PLATE ASSY-E/CORE,,,60
System-6PARH,System-F152TF5BI01,,81235289-11-13,FIN & PLATE ASSY-E/CORE,,,60
System-6PANC,System-F152TF5CA01,,60/2T235217,FIN & PLATE ASSY-E/CORE,,,60
System-6PAPB,System-F152TF5CA01,,60/2T235217,FIN & PLATE ASSY-E/CORE,,,60
System-6PARH,System-F152TF5CA01,,60/2T235217,FIN & PLATE ASSY-E/CORE,,,60
System-6PANC,System-F152TF5CB01,,60/2T235227,FIN & PLATE ASSY-E/CORE,,,60
System-6PAPB,System-F152TF5CB01,,60/2T235227,FIN & PLATE ASSY-E/CORE,,,60
System-6PARH,System-F152TF5CB01,,60/2T235227,FIN & PLATE ASSY-E/CORE,,,60
System-6PANC,System-F152TF6AA01,,60235224-8-21,FIN & PLATE ASSY-E/CORE,,,70
System-6PAPB,System-F152TF6AA01,,60235224-8-21,FIN & PLATE ASSY-E/CORE,,,60
System-6PARH,System-F152TF6AA01,,60235224-8-21,FIN & PLATE ASSY-E/CORE,,,168
System-6PAPB,System-F152TF7AE01,,F152-TF7AE-01,EVAPORATOR CORE,,,60
System-6PARH,System-F152TF7AE01,,F152-TF7AE-01,EVAPORATOR CORE,,,60
System-6PAPB,System-F161AKYAB02,,F161AKYAB01,MANIFOLD ASSY-E/CORE IN,,,60
System-6PARC,System-F200AKYAA12,,F200AKYAA12,CONDENSER ASSEMBLY,,,1
System-6PARC,System-F200BF1AA04,,F200BF1AA04,CONDENSER ASSY,,,20
System-6PARC,System-F200LP4AA01,,5M5H19710AA,COND ASY - A/C,,,10
System-6PARC,System-F200LQ9QA02,,DN34-61-480B,CONDENSER ASSY,,,20
System-6PARC,System-F200LQ9QA03,,DN34-61-480C,CONDENSER ASSY,,,20
System-6PARC,System-F200LQ9RA02,,DN32-61-480B,CONDENSER ASSY,,,20
System-6PARC,System-F200LQBQA01,,DS56-61-480,CONDENSER ASSY,,,20
System-6PARC,System-F200LQCTA01,,DN33-61-480,CONDENSOR ASSY,,,20
System-6PARC,System-F200LYALA02,,UC9M-61-480,CONDENSER AIR COND,,,40
System-6PARC,System-F200LYALA02,System-P,F200LYALA02,CONDENSER AIR COND,,,20
System-6PARC,System-F200QQVBB05,,97606-02200,CONDENSER  ASSY,,,10
System-6PARC,System-F200RAXAA04,,BK7S-61-480,CONDENSER ASSY,,,10
System-6PARC,System-F200RM7AA02,,92192468,CONDENSER ASM-A/C,,,5
System-6PARC,System-F200RM7AB02,,92192467,CONDENSER ASM-A/C,,,5
System-6PARC,System-F200RZWLA11,,UH71-61-480F,CONDENSER ASSY,,,20
System-6PARC,System-F200RZWLA17,,UM65-61-480A,CONDENSER ASSY,,,20
System-6PARC,System-F200RZWLB04,,UJ41-61-480C,CONDENSER ASSY,,,20
System-6PARC,System-F200RZWLB10,,UP63-61-480A,CONDENSER ASSY,,,20
System-6PARC,System-F200SP9AA01,,090012C-P020,CONDENSER ASSEMBLY,FINAL,,,10
System-6PARC,System-F200SP9AB01,,090018C-P020,CONDENSER ASSEMBLY,FINAL,,,10
System-6PATA,System-F202LQ9SA01,,DN82-61-A04,CASE HEATER UNIT,,,10
System-6PATA,System-F202LQ9TA01,,DN20-61-A04,CASE,,,10
System-6PAWQ,System-F371YPBLA02,,95731-58M00-000,PIPE LIQUID,,,1
System-6PAWQ,System-F372RZWTA01,,UA6A-61-463A,PIPE COOLER,,,20
System-6PAWQ,System-F372TC6LA03,,UA6G-61-464B,PIPE COOLER #1,,,20
System-6PAWG,System-F372TIBLA01,,92440VY60A,PIPE COMPL-FR COOLER,,,12
System-6PAWJ,System-F372TIBLA01,,92440VY60A,PIPE COMPL-FR COOLER,,,12
System-6PAWQ,System-F372TIBLA01,,92440VY60A,PIPE COMPL-FR COOLER,,,12
System-6PAWG,System-F372TIBLB01,,92441VY10A,PIPE ASSY-FR COOLER,,,12
System-6PAWJ,System-F372TIBLB01,,92441VY10A,PIPE ASSY-FR COOLER,,,12
System-6PAWQ,System-F372TIBLB01,,92441VY10A,PIPE ASSY-FR COOLER,,,12
System-6PAWG,System-F372TIBLC01,,92442VY10A,PIPE ASSY-FR COOLER,,,12
System-6PAWJ,System-F372TIBLC01,,92442VY10A,PIPE ASSY-FR COOLER,,,12
System-6PAWQ,System-F372TIBLC01,,92442VY10A,PIPE ASSY-FR COOLER,,,12
System-6PAWJ,System-F372TJCLA02,,924403SE0A,PIPE COMPL-FR,,,20
System-6PAWQ,System-F372TJCLA02,,924403SE0A,PIPE COMPL-FR,,,50
System-6PAWQ,System-F372TKCLA01,,924403GF0A,PIPE COMPL-FR,,,20
System-6PAWQ,System-F372TLALA02,,924401HH0A,PIPE COMPL-FR COOLER,,,24
System-6PAWQ,System-F372YPBLA02,,95079-58M01-000,PIPE SET, LIQUID,,,50
System-6PAWQ,System-F374LPCXA01,,AV61 19N601 CC,TUB & HOS ASY A/C COMPR OLET,,,20
System-6PAWQ,System-F374LPCXB01,,AV61 19N601 GB,TUB & HOS ASY A/C COMPR OLET,,,20
System-6PAWQ,System-F374LPCXC01,,AV61 19N601 AE,TUB & HOS ASY A/C COMPR OLET,,,20
System-6PAWQ,System-F374LPCXD01,,AV61 19N601 DC,TUB & HOS ASY A/C COMPR OLET,,,20
System-6PAWQ,System-F374RD3AA01,,UP58-61-461A,HOSE-FLEXIBLE; HIGH,,,10
System-6PAWQ,System-F374RD3AA03,,UP58-61-461D,HOSE-FLEXIBLE; HIGH,,,10
System-6PAWQ,System-F374RD3LA03,,UP21-61-461B,HOSE-FLEXIBLE ; HIGH,,,10
System-6PAWQ,System-F374RD3MA02,,UT7A-61-461C,HOSE,FLEXIBLE-HIGH,,,1
System-6PAWQ,System-F374TC6BA01,,UB2F-61-461,HOSE FLEXIBLE; HIGH,,,5
System-6PAWQ,System-F374TC6CA01,,UB2C-61-461F,HOSE FLEXIBLE HIGH,,,5
System-6PAWQ,System-F374TC6LA01,,UA6G-61-461F,HOSE FLEXIBLE HIGH,,,5
System-6PAWQ,System-F374TC6LB02,,UF5P-61-461,HOSE ASSY FLEX,HIGH,,,5
System-6PAWQ,System-F374TE7AA02,,92490JR50A,HOSE ASSY-FLEX,HIGH,,,30
System-6PAWQ,System-F374TE7LA02,,92490EB70A,HOSE ASSY-FLEX,HIGH,,,40
System-6PAWQ,System-F374TIBLA01,,92490VY60A,HOSE ASSY-FLEX,HIGH,,,30
System-6PAWQ,System-F374TIBLB01,,92490VY10A,HOSE ASSY-FLEX,HIGH,,,36
System-6PAWQ,System-F374TJCLA01,,924903SE0A,HOSE ASSY-FLEX HIGH,,,20
System-6PAWQ,System-F374TJCLB01,,924903SB0A,HOSE ASSY- FLEX HIGH,,,20
System-6PAWQ,System-F374TKCLA01,,924903GF0A,HOSE ASSY-FLEX,,,30
System-6PAWQ,System-F374TLALA01,,924901HH0A,HOSE ASSY-FLEX,HIGH,,,36
System-6PAWQ,System-F374TLALB02,,924901HS0A,HOSE ASSY-FLEX,HIGH,,,36
System-6PAWQ,System-F374YPBLA01,,95720-58M00-000,HOSE,DISCHARGE,,,24
System-6PAWQ,System-F374YPBLB01,,95720-58M10,HOSE DISCHARGE,,,24
System-6PAWQ,System-F375LPCXB02,,AV61 19N602 GD,TUB & HOS ASY A/C COMPR INLT,,,20
System-6PAWQ,System-F375LPCXC02,,AV61 19N602 AF,TUB & HOS ASY A/C COMPR OLET,,,20
System-6PAWQ,System-F375LPCXD01,,AV61 19N602 DD,TUB & HOS ASY A/C COMPR OLET,,,30
System-6PAWQ,System-F375RD3AA01,,UP58-61-462B,HOSE-FLEXIBLE; LOW,,,8
System-6PAWQ,System-F375RD3AA03,,UP58-61-462D,HOSE-FLEXIBLE; LOW,,,8
System-6PAWQ,System-F375RD3BA01,,UP56-61-462B,HOSE-FLEXIBLE; LOW,,,6
System-6PAWQ,System-F375RD3BA02,,UP56-61-462C,HOSE-FLEXIBLE; LOW,,,1
System-6PAWQ,System-F375RD3LA09,,UP21-61-462F,HOSE-FLEXIBLE; L,,,6
System-6PAWQ,System-F375RD3MA01,,UT7A-61-462B,HOSE-FLEXIBLEL; L,,,6
System-6PAWQ,System-F375TC6AA02,,UB2G-61-462D,HOSE FLEXIBLE;LOW,,,5
System-6PAWQ,System-F375TC6BA01,,UB2F-61-462C,HOSE FLEXIBLE HIGH,,,5
System-6PAWQ,System-F375TC6CA01,,UB2C-61-462E,HOSE FLEXIBLE LOW,,,5
System-6PAWQ,System-F375TC6CA02,,UB2C-61-462F,HOSE FLEXIBLE LOW,,,5
System-6PAWQ,System-F375TC6LA02,,UA6G-61-462D,HOSE FLEXIBLE LOW,,,10
System-6PAWQ,System-F375TIBLA01,,92480VY60A,HOSE ASSY-FLEX,LOW,,,12
System-6PAWQ,System-F375TIBLB01,,92480VY10A,HOSE ASSY-FLEX,LOW,,,40
System-6PAWQ,System-F375TJCLA01,,924803SE0A,HOSE ASSY-FLEX LOW,,,20
System-6PAWQ,System-F375TJCLB01,,924803SB0A,HOSE ASSY-FLEX LOW,,,20
System-6PAWQ,System-F375TKCLA01,,924803GF0A,HOSE ASSY-FLEX,,,10
System-6PAWQ,System-F375TLALA03,,924801HH0A,HOSE ASSY-FLEX,LOW,,,12
System-6PAWQ,System-F375TLALB03,,924801HS0A,HOSE ASSY-FLEX,LOW,,,10
System-6PAWQ,System-F375TLASA02,,924811HH0A,HOSE-FLEXIBLE,LOW,,,1
System-6PAWQ,System-F375YPBLA01,,95710-58M00,HOSE SUCTION,,,12
System-6PAWQ,System-F375YPBLA03,,95710-58M00-000,HOSE, SUCTION,,,12
System-6PAWQ,System-F444TC6BA01,,UB2F-61-460,HOSE FLEX-LOW ASSY,,,5
System-6PAWQ,System-F454RD3AA01,,UP58-61-4T0A,HOSE -FLEXIBLE, SUCT,,,5
System-6PAWQ,System-F454RD3BA01,,UP56-61-4T0,HOSE -FLEXIBLE, SUCT,,,5
System-6PAWQ,System-F454TC6AA01,,UB2G-61-4T0D,HOSE ASSY FLEX SUCT,,,5
System-6PAWQ,System-F454TC6BA01,,UB2F-61-4T0C,HOSE ASSY FLEX;SUCT,,,5
System-6PAWQ,System-F454TC6CA01,,UB2C-61-4T0E,HOSE ASSY FLEX;SUCT,,,5
System-6PAWQ,System-F454TC6CA02,,UB2C-61-4T0F,HOSE ASSY FLEX;SUCT,,,5
System-6PAWQ,System-F4A9LPCSX01,,AV61 19E631 AC,TUB & HOS ASY A/C COMPR OLET,,,60
System-6PAUF,System-F500BBWAB09,,F500BBWAB09,Compressor,,,1
System-6PAUF,System-F500BFWAB07,,0K57C-61-450,COMPRESSOR ASS'Y,,,1
System-6PAUF,System-F500BFWAB08,,F500BFWAB08,COMPRESSOR ASSY,,,1
System-6PAUF,System-F500DEYTA01,,F500DEYTA01,COMPRESSOR,,,1
System-6PAUF,System-F500DEYTB01,,F500DEYTB01,COMPRESSOR,,,1
System-6PAUF,System-F500JQYCA01,,94097,HS17 COMPRESSOR (PETROL),,,1
System-6PAUF,System-F500JQYDA01,,A3595,XD3P COMPRESSOR,,,1
System-6PAUF,System-F500JX7SA01,,K8328,COMPRESSOR HS17,,,96
System-6PAUF,System-F500JX7SA05,,F500JX7SA05,COMP & CLUTCH ASS'Y A-C,,,96
System-6PAUF,System-F500LF4AA01,,F500LF4AA01,COMPRESSOR,,,96
System-6PAUF,System-F500LF4BA01,,F500LF4BA01,COMPRESSOR,,,96
System-6PAUF,System-F500LF4CA01,,F500LF4CA01,COMPRESSOR,,,96
System-6PAUF,System-F500LF4CB01,,F500LF4CB01,COMPRESSOR,,,96
System-6PAUF,System-F500LS5AA02,,VP6N2H19D629BA,COMPRESSOR & CLUTCH ASSY,,,1
System-6PAUF,System-F500LS5SA02,,VPF500LS5SA02,COM & CLUTCH ASSY_B376,,,1
System-6PAUF,System-F500LUASA01,,DN48-61-450A,COMPRESSOR ASSY,,,40
System-6PAUF,System-F500LYALA02,,AB39 19D629 AB,COMPRESSOR ASSY,,,40
System-6PAUF,System-F500LYALA03,,UC9P-61-450A,COMPRESSOR ASSY,,,40
System-6PAUF,System-F500LYALA03,System-P,F500LYALA03,COMPRESSOR ASSY,,,96
System-6PAQB,System-F151QQVLA04,,F151QQVLA04,EVAPORATOR ASSY,,,60
System-6PARH,System-F151QQVLA04,,F151QQVLA04,EVAPORATOR ASSY,,,120
System-6PAQB,System-F151RAXLA03,,BK7S-61-J10,EVAPORATOR,,,1
System-6PAQB,System-F151RK6AA01,,UR83-61-J10,EVAPORATOR ASSY,,,1
System-6PARA,System-F151RK6AA01,,UR83-61-J10,EVAPORATOR ASSY,,,1
System-6PAQB,System-F151RK6LA01,,UR56-61-J10,EVAPORATOR ASSY,,,1
System-6PARA,System-F151RK6LA01,,UR56-61-J10,EVAPORATOR ASSY,,,1
System-6PAQB,System-F151RZWAA08,,UJ06-61-J10,EVAPORATOR ASSY,,,1
System-6PAQB,System-F151RZWLA04,,UH71-61-J10,EVAPORATOR ASSY,,,1
System-6PAQB,System-F151SC8AA01,,F151SC8AA01,0,,,84
System-6PARH,System-F151SC8AA01,,F151SC8AA01,0,,,84
System-6PAPB,System-F152ACWLA04,,F152ACWLA04,FIN & PLATE ASSY - EVAPORATOR CORE,,,60
System-6PARH,System-F152ACWLA04,,F152ACWLA04,FIN & PLATE ASSY - EVAPORATOR CORE,,,168
System-6PAPB,System-F152AKYAA10,,F152AKYAA10,FIN & PLATE ASSY - EVAPORATOR CORE,,,60
System-6PARH,System-F152AKYAA10,,F152AKYAA10,FIN & PLATE ASSY - EVAPORATOR CORE,,,168
System-6PAPB,System-F152AZVBB01,,F152-AZVBB-01,FIN & PLATE ASSY - EVAPORATOR CORE,,,60
System-6PARH,System-F152AZVBB01,,F152-AZVBB-01,FIN & PLATE ASSY - EVAPORATOR CORE,,,60
System-6PAPB,System-F152AZVBC01,,F152-AZVBC-01,FIN & PLATE ASSY - EVAPORATOR CORE,,,60
System-6PARH,System-F152AZVBC01,,F152-AZVBC-01,FIN & PLATE ASSY - EVAPORATOR CORE,,,60
System-6PAPB,System-F152AZVBG01,,F152-AZVBG-01,FIN & PLATE ASSY - EVAPORATOR CORE,,,60
System-6PARH,System-F152AZVBG01,,F152-AZVBG-01,FIN & PLATE ASSY - EVAPORATOR CORE,,,60
System-6PAPB,System-F152AZWBE01,,F152-AZWBE-01,FIN & PLATE ASSY - EVAPORATOR CORE,,,60
System-6PARH,System-F152AZWBE01,,F152-AZWBE-01,FIN & PLATE ASSY - EVAPORATOR CORE,,,1
System-6PAPB,System-F152BBWAA05,,F152BBWAA05,FIN & PLATE ASSY-E/CORE (EF-LHD),,,60
System-6PARH,System-F152BBWAA05,,F152BBWAA05,FIN & PLATE ASSY-E/CORE (EF-LHD),,,120
System-6PAPB,System-F152BBWLA05,,F152BBWLA05,FIN & PLATE ASSY-E/CORE (EF-RHD),,,60
System-6PARH,System-F152BBWLA05,,F152BBWLA05,FIN & PLATE ASSY-E/CORE (EF-RHD),,,120
System-6PARH,System-F152DC4AA02,,F152DC4AA02,FIN & PLATE ASSY-E/CORE (CM,NF),,,168
System-6PASB,System-F152DC4AA02,,F152DC4AA02,FIN & PLATE ASSY-E/CORE (CM,NF),,,60
System-6PAPB,System-F152EA4AA02,,F152EA4AA02,FIN & PLATE ASSY - EVAPORATOR CORE,,,60
System-6PARH,System-F152EA4AA02,,F152EA4AA02,FIN & PLATE ASSY - EVAPORATOR CORE,,,168
System-6PAPB,System-F152EA4RA02,,F152EA4RA02,FIN & PLATE ASSY-E/CORE (VQ Rear),,,60
System-6PARH,System-F152EA4RA02,,F152EA4RA02,FIN & PLATE ASSY-E/CORE (VQ Rear),,,168
System-6PARH,System-F152GGXAA05,,F152GGXAA05,FIN & PLATE ASSY-E/CORE (LZ),,,120
System-6PAPB,System-F152HHXAB02,,F152HHXAB02,FIN & PLATE ASSY - EVAPORATOR CORE,,,60
System-6PARH,System-F152HHXAB02,,F152HHXAB02,FIN & PLATE ASSY - EVAPORATOR CORE,,,168
System-6PARH,System-F152KBXAA04,,F152KBXAA04,FIN & PLATE ASSY-E/CORE (GMT820),,,35
System-6PAPB,System-F152KF2AA06,,F152KF2AA06,FIN & PLATE ASSY - EVAPORATOR CORE,,,60
System-6PARH,System-F152KF2AA06,,F152KF2AA06,FIN & PLATE ASSY - EVAPORATOR CORE,,,168
System-6PARH,System-F152KS2LA02,,F152KS2LA02,FIN & PLATE ASSY-E/CORE,,,60
System-6PANC,System-F152LP4AA01,,F152LP4AA01,EVAP CORE (W/O SEAL & O-RING),,,60
System-6PAPB,System-F152LP4AA01,,F152LP4AA01,EVAP CORE (W/O SEAL & O-RING),,,60
System-6PARH,System-F152LP4AA01,,F152LP4AA01,EVAP CORE (W/O SEAL & O-RING),,,120
System-6PANC,System-F152LYALA01,,F152LYALA01,FIN & PLATE ASSY-E/CORE,,,120
System-6PARC,System-F152LYALA01,,F152LYALA01,FIN & PLATE ASSY-E/CORE,,,120
System-6PARH,System-F152LYALA01,,F152LYALA01,FIN & PLATE ASSY-E/CORE,,,240
System-6PAPB,System-F152QQVAA09,,F152QQVAA09,FIN & PLATE ASSY-E/CORE (MX),,,60
System-6PARH,System-F152QQVAA09,,F152QQVAA09,FIN & PLATE ASSY-E/CORE (MX),,,120
System-6PANC,System-F152RD3BA01,,60235164-3-10,FIN & PLATE ASSY-E/CORE,,,60
System-6PAPB,System-F152RD3BA01,,60235164-3-10,FIN & PLATE ASSY-E/CORE,,,60
System-6PARH,System-F152RD3BA01,,60235164-3-10,FIN & PLATE ASSY-E/CORE,,,60
System-6PANC,System-F152RD3TC01,,F152RD3TC01,EVAPORATOR ASSY,,,60
System-6PAPB,System-F152RD3TC01,,F152RD3TC01,EVAPORATOR ASSY,,,60
System-6PARH,System-F152RD3TC01,,F152RD3TC01,EVAPORATOR ASSY,,,60
System-6PANC,System-F152RK6AA01,,F152-RK6AA-01,EVAPORATOR CORE,,,70
System-6PAPB,System-F152RK6AA01,,F152-RK6AA-01,EVAPORATOR CORE,,,60
System-6PAQB,System-F152RK6AA01,,F152-RK6AA-01,EVAPORATOR CORE,,,60
System-6PARH,System-F152RK6AA01,,F152-RK6AA-01,EVAPORATOR CORE,,,60
System-6PANC,System-F152RM7AA01,,F152RM7AA01,C100 EVAP CORE,,,60
System-6PAPB,System-F152RM7AA01,,F152RM7AA01,C100 EVAP CORE,,,60
System-6PANC,System-F152RZWLA02,,F152-RZWLA,FIN & PLATE ASSY,,,60
System-6PAPB,System-F152RZWLA02,,F152-RZWLA,FIN & PLATE ASSY,,,60
System-6PAQB,System-F152RZWLA02,,F152-RZWLA,FIN & PLATE ASSY,,,60
System-6PANC,System-F152RZWLA04,,F152-RZWLA-04,EVAPORATOR CORE,,,60
System-6PAPB,System-F152RZWLA04,,F152-RZWLA-04,EVAPORATOR CORE,,,60
System-6PAQB,System-F152RZWLA04,,F152-RZWLA-04,EVAPORATOR CORE,,,60
System-6PARH,System-F152RZWLA04,,F152-RZWLA-04,EVAPORATOR CORE,,,60
System-6PARH,System-F152TF5AA01,,60235194-2-17,FIN & PLATE ASSY-E/CORE,,,168
System-6PAWQ,System-F849TC6AA01,,UB2G-61-3BYA,HOSE & PIPE ASSY,,,5
System-6PAWQ,System-F849TC6BA01,,UB2F-61-3BYC,HOSE & PIPE ASSY,,,5
System-6PAWQ,System-F849TC6BA02,,UB2F-61-3BYD,HOSE & PIPE ASSY,,,5
System-6PAWQ,System-F849TC6CA01,,UB2C-61-3BYC,HOSE & PIPE ASSY,,,20
System-6PAWQ,System-F849TC6CA02,,UB2C-61-3BYD,HOSE & PIPE ASSY,,,20
System-6PAWQ,System-F859RD3AA01,,UP58-61-84XB,PIPE ASSY-REAR,,,8
System-6PAWQ,System-F859RD3AA02,,UP58-61-84XD,PIPE ASSY-REAR,,,8
System-6PAWQ,System-F859RD3AA03,,UP58-61-84XE,PIPE ASSY-REAR,,,8
System-6PAWQ,System-F859RD3AB01,,UR10-61-84XA,PIPE ASSY-REAR,,,8
System-6PAWQ,System-F859RD3BA01,,UP56-61-84XB,PIPE ASSY - REAR,,,8
System-6PAWQ,System-F859RD3BA02,,UP56-61-84XD,PIPE ASSY - REAR,,,8
System-6PAWQ,System-F859RD3CA02,,US57-61-84XB,PIPE ASSY -REAR,,,8
System-6PAWQ,System-F859RD3CA03,,US57-61-84XC,PIPE ASSY -REAR,,,8
System-6PAWQ,System-F859RD3LA03,,UP21-61-84XB,PIPE ASSY-REAR,,,8
System-6PAWQ,System-F859RD3LB02,,UP21-61-83XD,PIPE ASSY-REAR, # 1,,,20
System-6PAWQ,System-F859RD3LB04,,UP21-61-83XE,PIPE ASSY-REAR, # 1,,,20
System-6PAWQ,System-F859RD3LC02,,UP21-61-83YA,PIPE ASSY-REAR, # 2,,,5
System-6PAWQ,System-F859RD3LC03,,UP21-61-83YB,PIPE ASSY-REAR, # 2,,,5
System-6PAWQ,System-F859RD3LD03,,UP21-61-P15,PIPE ASS'Y-REAR SUC & LIQ,,,5
System-6PAWQ,System-F859TC6AA01,,UB2G-61-84XA,PIPE ASSY REAR,,,5
System-6PAWQ,System-F859TC6BA01,,UB2F-61-84X,PIPE ASSY REAR,,,5
System-6PAWQ,System-F859TC6CA01,,UB2C-61-84XA,PIPE ASSY REAR,,,8
System-6PAWQ,System-F859TC6LA01,,UA6G-61-84XB,PIPE ASSY-REAR,,,10
System-6PAWQ,System-F859TC6LB02,,UA6G-61-83XA,PIPE ASSY REAR#1,,,20
System-6PASA,System-R200GRACA01,,BR29 8005 AE,RAD ASY,,,20
System-6PASA,System-R200KUAAA01,,TC432-1600-1,RADIATOR,,,20
System-6PASA,System-R200KUABA01,,TC430-1600-2,RADIATOR,,,20
System-6PASA,System-R200KUADA01,,TC422-1600E,RADIATOR,,,20
System-6PASA,System-R200KUAEA01,,6C526-58501-130,RADIATOR ASSY,,,20
System-6PASA,System-R200LQ9RA01,,DN32-15-200,RADIATOR,,,20
System-6PASA,System-R200RF5CA01,,Z603-15-200T00,RADIATOR,,,20
System-6PASA,System-R200RF5DA01,,L33X-15-200T00,RADIATOR,,,20
System-6PASA,System-R200RZWCA05,,WL81-15-200C,RADIATOR,,,20
System-6PASA,System-R200RZWEA07,,G675-15-200A,RADIATOR,,,20
System-6PASA,System-R200RZWEB01,,G6A1-15-200,RADIATOR,,,20
System-6PASA,System-R200RZWFA05,,G683-15-200B,RADIATOR,,,20
System-6PASA,System-R200RZWFB01,,G6A2-15-200,RADIATOR,,,20
System-6PASA,System-R200RZWGA02,,WL85-15-200A,RADIATOR,,,20
System-6PASA,System-R200RZWNA05,,WL83-15-200B,RADIATOR,,,20
System-6PASA,System-R200RZWNA06,,WL83-15-200C,RADIATOR,,,20
System-6PASA,System-R200RZWPA08,,G676-15-200B,RADIATOR,,,20
System-6PASA,System-R201LYACA03,,UK02-15-200D, RADIATOR,,,20
System-6PASA,System-R201LYAEA03,,L567-15-200B,RADIATOR,,,20
System-6PASA,System-R201LYAFA03,,U202-15-200B,RADIATOR,,,20
System-6PASA,System-R201LYANA03,,UK01-15-200D, RADIATOR,,,20
System-6PASA,System-R201LYAPA03,,UK04-15-200D,RADIATOR,,,20
System-6PASA,System-R201LYAQA03,,L566-15-200D,RADIATOR,,,20
System-6PAMA,System-R202RZWNA02,,R202-RZWNA-02,RADIATOR CORE,,,25
System-6PANC,System-R202RZWNA02,,R202-RZWNA-02,RADIATOR CORE,,,30
System-6PALA,System-R204DC4CA01,,R204DC4CA01,FIN-RAD,,,37
System-6PASA,System-R2A4LYACA03,,UK01-15-20XD,RAD & CON ASY,,,20
System-6PASA,System-R2A4LYAEA03,,U201-15-20XB,RAD & CON ASY,,,20
System-6PASA,System-R2A4LYAFA03,,U202-15-20XB,RAD & CON ASY,,,20
System-6PASA,System-R2A4LYANA03,,UH01-15-20XD,RAD & CON ASY,,,20
System-6PASA,System-R2A4LYAPA03,,UK02-15-20XD,RAD & CON ASY,,,20
System-6PASA,System-R2A4LYAQA03,,L566-15-20XD,RAD COMPT,,,20
System-6PASA,System-R501GT7AT08,,92257969,RADIATOR ASM,,,5
System-6PASA,System-R501RMBAT02,,92267811,RADIATOR ASM,,,5
System-6PASA,System-R501RMBMT02,,92269000,RADIATOR ASM,,,5
System-6PARI,System-R700GRAAA01,,8R29-6K775-AC,COOL ASY ENG CHG AIR,,,20
System-6PARI,System-R700LYAAA01,,UK01-13-550B,INTERCOOLER ASSY,,,30
System-6PARI,System-R700LYAAB01,,U209-13-550C,INTERCOOLER ASSY,,,30
System-6PARI,System-R700LYABA01,,UH01-13-550B,INTERCOOLER ASSY,,,30
System-6PARI,System-R700LYABB01,,U213-13-550C,INTERCOOLER ASSY,,,30
System-6PARI,System-R700RZWAA03,,WL85-13-550,INTERCOOLER ASS'Y,,,6
System-6PARI,System-R700TF6AA01,,IC3224,INTERCOOLER,,,1
System-6PARI,System-R700TF6TA01,,R700-TF6TA-01,INTER COOLER,,,1
System-6PANC,System-R701LYAAA01,,R701LYAAA01,CORE ASSY-INTER COOLER,,,60
System-6PANC,System-R701LYABA01,,R701LYABA01,CORE ASSY-INTER COOLER,,,60
System-6PAKA,System-R702RZWAA02,,R702RZWAA02,PLATE-INTERCOOLER,,,60
System-6PALA,System-R702RZWAA02,,R702RZWAA02,PLATE-INTERCOOLER,,,60
System-6PALA,System-R703DC4NA03,,R703DC4NA03,FIN-INNER,,,450
System-6PALA,System-R703GRAAA01,,R703GRAAA01,INNER FIN,,,80
System-6PALA,System-R703GRDTA01,,R703GRDTA01,INNERNAL FIN,,,90
System-6PALA,System-R703LYAAA01,,00149094-01-0000,INNER FIN (50 FPDM),,,80
System-6PALA,System-R703MA5AA01,,R703MA5AA01,CM INTERCOOLER FIN,,,2880
System-6PALA,System-R703RZWAA02,,R703RZWAA02,FIN-INNER,,,250
System-6PALA,System-R704DC4NA01,,R704DC4NA01,FIN-EXTERNAL,,,300
System-6PALA,System-R704DE4CA01,,R704DE4CA01,FIN,,,300
System-6PALA,System-R704GACAA01,,R704GACAA01,INTERCOOLER EXTERNAL FIN,,,1
System-6PALA,System-R704GRAAA01,,R704GRAAA01,EXTERNAL FIN,,,540
System-6PALA,System-R704LYAAA01,,R704LYAAA01,FIN-EXTERNAL (LOUVER),,,80
System-6PALA,System-R704LYABA01,,R704LYABA01,FIN-EXTERNAL (LOUVER),,,80
System-6PALA,System-R704MA5CA01,,R704MA5CA01,FIN EXTERNAL,,,80
System-6PALA,System-R704NC5AA01,,R704NC5AA01,FIN EXTERNAL,,,300
System-6PALA,System-R704TG6AA01,,R704TG6AA01,FIN-EXTERNAL,,,170
System-6PARI,System-R750LYAAX01,,00149181-01-0000,INTER COOLER (W/O BUSH,SEAL),,,30
System-6PARI,System-R750LYABX01,,00149182-01-0000,INTER COOLER (W/O BUSH,SEAL),,,30
System-6PARI,System-R750MA5CA09,,R750MA5CA06,CM INTERCOOLER,,,40
System-6PARI,System-R750MA5EA03,,R750MA5EA03,CM INTERCOOLER,,,40
System-6PARI,System-R750RM7AA04,,92220354,COOLER ASM-CHRG AIR,,,1
System-6PARI,System-R750TF6CA01,,R750-TF6CA-01,INTER COOLER (D-MAX),,,1
System-6PARI,System-R750TF6CA02,,R750-TF6CA-02,INTER COOLER (D-MAX),,,1
System-6PARI,System-R750TF9AA01,,R750-TF9AA-01,INTER COOLER BT-50,,,1
System-6PANC,System-R750TF9AA02,,R750-TF9AA-02,INTER COOLER BT-50,,,1
System-6PARI,System-R750TF9AA02,,R750-TF9AA-02,INTER COOLER BT-50,,,1
System-6PANC,System-R750TG6AA04,,VP7MBH-9L440-AC,INTERCOOLER-PROJ U,,,40
System-6PARI,System-R750TG6AA04,,VP7MBH-9L440-AC,INTERCOOLER-PROJ U,,,40
System-6PANC,System-R750TG6AA05,,VP7MBH-9L440-AD,INTERCOOLER-PROJ U,,,40
System-6PARI,System-R750TG6AA05,,VP7MBH-9L440-AD,INTERCOOLER-PROJ U,,,40
System-6PARI,System-R750TG6AA09,,VP7MBH-9L440-AF,INTERCOOLER-PROJ U,,,40
System-6PARI,System-R750TG6AA10,,VP7MBH-9L440-AG,INTERCOOLER-PROJ U,,,40
System-6PARI,System-R750TG6BA10,,VP7MBH-9L440-BD,INTERCOOLER-EAGLE,,,40
System-6PARI,System-R750TG8AA02,,VPR750TG8AA02,INTERCOOLER CORE ASSY,,,40
System-6PARI,System-R750TG8AA03,,VPR750TG8AA03,INTERCOOLER CORE ASSY,,,40
System-6PARI,System-R750TG9CA03,,VPR750TG9CA03,INTERCOOLER-EAGLE EURO IV,,,40
System-6PARI,System-R750TGAAA01,,VPR750TGAAA01,INTERCOOLER,,,40
System-6PARI,System-R750TGAAA02,,VPR750TGAAA02,INTERCOOLER,,,40
System-6PARI,System-R750TGAAA03,,VPR750TGAAA03,INTERCOOLER,,,40
System-6PARI,System-R750TGAAB01,,R750-TGAAB-01,INTER COOLER ASSY (U203),,,40
System-6PARI,System-R750TGAAB02,,VPR750TGAAB02,INTERCOOLER ASSY (U203),,,40
System-6PARI,System-R750TGAAB03,,R750-TGAAB-01,INTER COOLER ASSY (U203),,,40
System-6PARI,System-R750TGABA01,,VPR750TGABA01,INTERCOOLER,,,40
System-6PARI,System-R750TGBBA01,,VPR750TGBBA01,INTERCOOLER,,,40
System-6PARI,System-R750TGCAA01,,VPR750TGCAA01,INTERCOOLER,,,40
System-6PARI,System-R750TGCAA02,,VPR750TGCAA02,INTERCOOLER ASSY,,,40
System-6PARI,System-R750WMCAA01,,R750WMCAA01,INTER COOLER ASS'Y,,,30
System-6PAUL,System-TA20LYATA03,,UK01-13-300E,CLEANER ASSY-AIR,,,2
System-6PAUL,System-TA20LYATB02,,L566-13-300D,CLEANER ASSY-AIR,,,2
System-6PAUL,System-TA20LYATB02,System-P,AB39 9600 BF,CLEANER ASSY-AIR,,,2
System-6PAUL,System-TA20LYATC02,,UH07-13-300D,CLEANER ASSY-AIR,,,2
System-6PAUL,System-TA20LYATD02,,UH06-13-300B,CLEANER ASSY-AIR,,,2
System-6PAUL,System-TA20LYATE02,,U262-13-300A,AIR CLEANER ASSEMBLY,,,2
System-6PAUL,System-TA20LYATF02,,L568-13-300A,AIR CLEANER ASSEMBLY,,,2
System-6PATA,System-TA21LYATA01,,UK01-13-Z01C,COVER AIR CLEANER,,,10
System-6PATA,System-TA21LYATA02,,UK01-13-Z01D,COVER AIR CLEANER,,,10
System-6PATA,System-TA21LYATB01,,L566-13-Z01C,COVER AIR CLEANER,,,10
System-6PATA,System-TA21LYATC01,,UH07-13-Z01C,COVER AIR CLEANER,,,10
System-6PATA,System-TA21LYATD01,,U262-13-Z01,AIR CLEANER ASSEMBLY,,,10
System-6PATA,System-TA22LYATA01,,UK01-13-Z02B, COVER AIR FILTER ,,,10
System-6PATA,System-TA22LYATB01,,U201-13-Z02,COVER AIR FILTER,,,10
System-6PAUM,System-TA40LYATA03,,UK01-13-245D,JOINT RUBBER,,,5
System-6PAUM,System-TA40LYATA03,System-P,AB39 6C646 AF,JOINT RUBBER,,,50
System-6PAUM,System-TA40LYATB03,,UH01-13-245C,JOINT RUBBER,,,5
System-6PAUM,System-TA40LYATB03,System-P,AB39 6C646 BE,JOINT RUBBER,,,50
System-6PBA0,System-C371RK6LA02,,UR56-61-472,Bracket,,,100
System-6PBA0,System-F380RD3LA05,,WLK7-18-311B,Bracket comp,,,5
System-6PBA0,System-D144LP4AB01,,VP3M5H-18C336BC,BRKT-HTR TO D/PNL (LEFT),,,370
System-6PBA0,System-F248TC6TA01,,UW8F-61-820,DUCT ASSY-R COOLER,,,8
System-6PBA0,System-C800RK6ND02,,UW5W-61-190A,Control assy heater,,,10
System-6PBA0,System-C800RK6ND03,,UW5W-61-190A,Control assy heater,,,10
System-6PBA0,System-C544RK6NA02,,UV9E-61-195A,Knob fan,,,80
System-6PBA0,System-C305RK6NA02,,UV9D-61-195A,Switch knob,,,80
System-6PBA0,System-C800RK6NB03,,UV9D-61-190D,Control assy heater,,,10
System-6PBA0,System-C800RK6NB04,,UV9D-61-190D,Control assy heater,,,10
System-6PBA0,System-C800RK6NB01,,UV9D-61-190,Control assy heater,,,10
System-6PBA0,System-C800RK6NB02,,UV9D-61-190,Control assy heater,,,10
System-6PBA0,System-F375RK6BA01,,UV6A-61-462A,Tube hose assy,,,20
System-6PBA0,System-F371RZWCA04,,UV1R-61-464,Pipe cooler #2,,,15
System-6PBA0,System-D469RK6LB01,,URY0-61-21X,HOSE & PIPE ASSY,,,10
System-6PBA0,System-F737RK6CA05,,UR85-61-46XC,Pipe assy cooler,,,40
System-6PBA0,System-F737RK6AA05,,UR83-61-46XB,Pipe assy cooler,,,40
System-6PBA0,System-F371RK6AA04,,UR83-61-464,Liq pipe assy,,,10
System-6PBA0,System-F375RK6AA01,,UR83-61-462,Hose flexible low,,,20
System-6PBA0,System-C800RK6AA09,,UR83-61-190H,Control assy heater,,,10
System-6PBA0,System-C800RK6AA07,,UR83-61-190F,Control assy heater,,,10
System-6PBA0,System-C800RK6AA06,,UR83-61-190E,Control assy heater,,,10
System-6PBA0,System-C800RK6AA05,,UR83-61-190D,Control assy heater,,,10
System-6PBA0,System-F372RK6CA03,,UR60-61-464,Tube hose assy,,,10
System-6PBA0,System-C544RK6MA03,,UR58-61-195B,Knob;Fan,,,80
System-6PBA0,System-C115RK6LA02,,UR56-66-460,SW R/DEFG,,,100
System-6PBA0,System-C309RK6LA01,,UR56-61-C97,Socket & Bulb,,,10
System-6PBA0,System-C508RK6LA01,,UR56-61-C45,REC FRESH CABLE,,,10
System-6PBA0,System-C507RK6LA01,,UR56-61-C35,MODE CABLE,,,10
System-6PBA0,System-C507RK6LB01,,UR56-61-C35,MODE CABLE,,,10
System-6PBA0,System-C308RK6LA01,,UR56-61-C25,TEMP CABLE,,,10
System-6PBA0,System-C308RK6LB01,,UR56-61-C25,TEMP CABLE,,,10
System-6PBA0,System-C306RK6LB01,,UR56-61-550,TEMP SWITCH ASSY,,,10
System-6PBA0,System-C306RK6MA01,,UR56-61-550,TEMP,,,10
System-6PBA0,System-C378RK6LA02,,UR56-61-539,Cover Rear Def switch,,,100
System-6PBA0,System-F375RK6MA02,,UR56-61-462A,Hose flexible low,,,20
System-6PBA0,System-F374RK6MA02,,UR56-61-461,Hose flexible high,,,20
System-6PBA0,System-C305RK6MA03,,UR56-61-195A,Knob assy cont,,,80
System-6PBA0,System-C800RK6MA06,,UR56-61-190G,Control assy heater,,,10
System-6PBA0,System-C800RK6MA07,,UR56-61-190G,Control assy heater,,,10
System-6PBA0,System-C800RK6MA05,,UR56-61-190E,Control assy heater,,,10
System-6PBA0,System-C800RK6MA04,,UR56-61-190DE,Control assy heater,,,10
System-6PBA0,System-C340RK6LA02,,UR55-61-530A,SW A/C,,,100
System-6PAUF,System-F500LYALB02,,UC9M-61-450,COMPRESSOR ASSY,,,40
System-6PAUF,System-F500LYALB02,System-P,F500LYALB02,COMPRESSOR ASSY,,,96
System-6PAUF,System-F500MD9AA01,,F500MD9AA01,COMPRESSOR & CLUTCH ASSY DSL,,,20
System-6PAUF,System-F500MD9SA02,,VPF500MD9SA02,COMP & CLUTCH ASSY_B517,,,72
System-6PAUF,System-F500PA4AA04,,F500PA4AA04,COMPRESSOR,,,20
System-6PAUF,System-F500QQ3AA03,,97701-05500,COMPRESSOR ASSY,,,20
System-6PAUF,System-F500RAXAA06,,BK7S-61-450,COMPRESSOR ASSY,,,1
System-6PAUF,System-F500RAXBA06,,BK8A-61-450,COMPRESSOR ASSY,,,1
System-6PAUF,System-F500RAXTA01,,F500-RAXAA-06M,COMPRESSOR & CLUTCH (AR) ASSY,,,2
System-6PAUF,System-F500RAXTB01,,F500-RAXBA-06M,COMPRESSOR & CLUTCH (AR) ASSY,,,2
System-6PAUF,System-F500RD3AA02,,UP58-61-450,COMPRESSOR ASSY,,,1
System-6PAUF,System-F500RD3AA04,,UP21-61-450A,COMPRESSOR ASSY,,,1
System-6PAUF,System-F500RD3BA02,,UP58-61-450A,COMPRESSOR ASSY,,,2
System-6PAUF,System-F500RD3BA03,,UP58-61-450B,COMPRESSOR ASSY,,,2
System-6PAUF,System-F500RD3TA01,,F500-RD3AA-04M,COMPRESSOR & CLUTCH (AR) ASSY,,,1
System-6PAUF,System-F500RJ3BA02,,F500RJ3BA02,COMP & CLUTCH ASS'Y A-C U204-TAA (HS-18),,,96
System-6PAUF,System-F500RK6SA01,,UA6G-61-450,COMPRESSOR ASSY,,,40
System-6PAUF,System-F500RK6TA01,,UB2C-61-450A,COMPRESSOR ASSY,,,2
System-6PAUF,System-F500RZWLA07,,UH81-61-450,COMPRESSOR ASSY,,,40
System-6PAUF,System-F500RZWTA01,,F500-RZWLA-07M,COMPRESSOR  & CLUTCH (AR) ASSY,,,20
System-6PAUF,System-F500WBAAA03,,F500WBAAA03,COMP & CLUTCH ASS'Y W201-Single HS-18,,,1
System-6PAUF,System-F500WBABA03,,F500WBABA03,COMP & CLUTCH ASS'Y W201,,,80
System-6CAKA,System-F510CD1AA01,,F510CD1AA01ZV,HS15 CYLINDER,,,100
System-6CAKA,System-F510CD1AB01,,F510CD1AB01ZV,HS15 CYLINDER,,,100
System-6CAMA,System-F5A3LF4AA01,,F5A3LF4AA01, COMPRESSOR,,,120
System-6CAMA,System-F5A3LF4BA01,,F5A3LF4BA01,COMPRESSOR,,,40
System-6CAMA,System-F5A3RD3AA04,,UP21-61-K00,COMPRESSOR,AIR CON,,,1
System-6CAMA,System-F5A3RD3BA03,,UP58-61-K00,COMPRESSOR ASSY,,,1
System-6CAMA,System-F5A3RK6SA01,,UA6G-61-K00,COMPRESSOR ASS'Y,,,1
System-6CAMA,System-F5A3RK6TA01,,UB2C-61-K00,COMPRESSOR ,AIR CON,,,1
System-6CAMA,System-F5A3RZWLA03,,UH81-61-K00,COMP  ASSY W/MANIFOLD,,,1
System-6PAUJ,System-F717BF1AC01,,F717BF1AC01,RR HVAC,,,1
System-6PAUJ,System-F717RD3AA05,,UP21-61-87XD,COOLING UNIT ASSY-R,,,1
System-6PAUJ,System-F717RK6BA01,,UF0L-61-87X,COOLING ASSY REAR,,,2
System-6PAUJ,System-F717RM7BA03,,92243331,MODULE ASM-HTR & A/C EVPR&BLO,,,2
System-6PAWQ,System-F737RD3AA01,,UP58-61-46ZA,PIPE ASSY-COOLER,,,6
System-6PAWQ,System-F737RD3BA01,,UP56-61-46ZB,PIPE ASSY-COOLER,,,6
System-6PAWQ,System-F737RD3CA02,,US57-61-46ZB,PIPE ASSY-COOLER,,,6
System-6PAWQ,System-F737RD3CA03,,US57-61-46ZC,PIPE ASSY-COOLER,,,6
System-6PAWQ,System-F738RD3AB01,,UP61-61-4TYA,PIPE ASSY-COOL, SUCT,,,6
System-6PAWQ,System-F738TC6AA01,,UB2G-61-4TYA,PIPE ASSY  COOLER,,,40
System-6PAWQ,System-F738TC6CA01,,UB2C-61-4TYC,PIPE ASSY COOLER,SUCT,,,5
System-6PAWQ,System-F776RD3MA01,,UT7A-61-460C,HOSE ASSY-FLEXIBLE,,,10
System-6PAWQ,System-F777TC6CA01,,UB2C-61-834A,PIPE COOLER,,,12
System-6PALA,System-F821CBXBA01,,F821CBXBA01P,FIN-COND,,,35
System-6PALA,System-F821DC4AA01,,F821DC4AA01,FIN-COND,,,3600
System-6PALA,System-F821LP4AA01,,F821LP4AA01,FIN-COND,,,38
System-6PALA,System-F821LQ9RA01,,F821LQ9RA01,FIN-COND,,,100
System-6PALA,System-F821QQVAE01,,F821QQVAE01,FIN COND,,,35
System-6PALA,System-F821RZWLB01,,F821RZWLB01,FIN-COND,,,35
System-6PAWQ,System-F825RD3AA01,,UP58-61-46XC,PIPE ASSY-COOLER,,,10
System-6PAWQ,System-F825RD3AA02,,UP58-61-46XD,PIPE ASSY-COOLER,,,10
System-6PAWQ,System-F825RD3BA01,,UP56-61-46XC,PIPE ASSY-COOLER,,,10
System-6PAWQ,System-F825RD3BA02,,UP56-61-46XD,PIPE ASSY-COOLER,,,10
System-6PAWQ,System-F825RD3CA01,,US57-61-46XA,PIPE ASSY-COOLER,,,10
System-6PAWQ,System-F825RD3LA02,,UP21-61-46ZA,PIPE ASSY-COOLER,,,5
System-6PAWQ,System-F825TC6AA02,,UB2G-61-46XD,PIPE ASSY COOLER,,,5
System-6PAWQ,System-F825TC6AA03,,UB2G-61-46XD,PIPE ASSY COOLER,,,20
System-6PAWQ,System-F825TC6BA02,,UB2F-61-46XC,PIPE ASSY COOLER,,,5
System-6PAWQ,System-F825TC6BA03,,UB2F-61-46XC,PIPE ASSY COOLER,,,20
System-6PAWQ,System-F825TC6CA02,,UB2C-61-46XE,PIPE ASSY COOLER,,,20
System-6PAWQ,System-F825TC6CA03,,UB2C-61-46XE,PIPE ASSY COOLER,,,20
System-6PAWQ,System-F825TC6LA02,,UA6G-61-46ZB,PIPE ASSY COOLER #1,,,10
System-6PAWQ,System-F825TC6LA03,,UA6G-61-46ZB,PIPE ASSY COOLER #1,,,10
System-6PAWQ,System-F849RD3AA03,,UP58-61-3BYB,HOSE & PIPE ASSY,,,20
System-6PAWQ,System-F849RD3AB03,,UP61-61-3BYB, HOSE & PIPE ASSY,,,20
System-6PAWQ,System-F849RD3BA02,,UP56-61-3BY, HOSE & PIPE ASSY,,,20
System-6PAWQ,System-F849RD3BA03,,UP56-61-3BYB,HOSE & PIPE ASSY,,,20
System-6PAWQ,System-F849RD3BB03,,UR39-61-3BYB, HOSE & PIPE ASSY,,,20
System-6PAWQ,System-F849RMCLA01,,94776371,TUBE ASM-A/C CNDSR & A/C EVPR,,,60
System-6PBA0,System-F200RD3AC01,,UR55-61-480,Condenser assy,,,3
System-6PBA0,System-F737RZWCA05,,UP83-61-46XA,Pipe Cooler,,,40
System-6PBA0,System-F492RZWCA02,,UP83-61-465,Liq pipe assy C,,,15
System-6PBA0,System-F372RZWCB02,,UP83-61-464,Hose Water #1,,,20
System-6PBA0,System-F374RZWCA02,,UP83-61-461,Clip,,,20
System-6PBA0,System-D468RD3AA03,,UP60-61-22YC,Pipe water,,,20
System-6PBA0,System-D466RD3AA02,,UP60-61-212B,Hose water#2,,,30
System-6PBA0,System-F248RD3AB01,,UP58-61-8AXB,Duct assy R cooler,,,8
System-6PBA0,System-F249RD3AD01,,UP58-61-817B,Duct R cooler RH#4,,,16
System-6PBA0,System-F200RD3AB02,,UP58-61-480B,Condenser assy,,,3
System-6PBA0,System-A468RD3AB02,,UP58-61-47YB,Bracket & clip assy,,,100
System-6PBA0,System-A468RD3AA02,,UP58-61-470A,Bracket & clip assy,,,100
System-6PBA0,System-A468RD3AC01,,UP56-61-4EY,Bracket & clip assy,,,100
System-6PBA0,System-F248RD3LB01,,UP21-61-8AXA,Duct assy rear vent,,,8
System-6PBA0,System-F249RD3LD01,,UP21-61-817A,Duct R coolier RH #4,,,16
System-6PBA0,System-F249RD3LB01,,UP21-61-815A,Duct R coolier RH #3,,,5
System-6PBA0,System-F249RD3LA01,,UP21-61-814A,Duct assy R cooler,,,6
System-6PBA0,System-D536RD3LA02,,UP21-61-810A,Grill assy,,,100
System-6PBA0,System-F186RD3LB03,,UP21-61-52ZB,Plate seal assy,,,100
System-6PBA0,System-F186RD3LA02,,UP21-61-52YB,Plate seal assy,,,100
System-6PBA0,System-A115RD3LA02,,UP21-61-489A,Protector ,,,100
System-6PBA0,System-C303RD3MA01,,UP21-61-340,BLOWER SW ASS'Y-REAR,,,432
System-6PBA0,System-F374RZWCB01,,UN13-61-461,Drain hose evap,,,20
System-6PBA0,System-F374RZWCT01,,UM70-61-461,Hose flexible high,,,20
System-6PBA0,System-F371RZWCB01,,UM67-61-464,Pipe cooler #2,,,15
System-6PBA0,System-F737RZWCB02,,UM65-61-46XA,Suction hose assy A,,,40
System-6PBA0,System-F372RZWCA03,,UM65-61-464,Hose Water #1,,,10
System-6PBA0,System-F374RZWCC02,,UM65-61-461A,Clip,,,20
System-6PBA0,System-F375RZWQA04,,UL21-61-462B,Hose flexible (Low),,,20
System-6PBA0,System-D100RK6LB02,,UK28-61-130G,HEATER UNIT ASSY (W/H CORE),,,2
System-6PBA0,System-F372RZWPA05,,UK27-61-464C,Pipe Cooler #1,,,10
System-6PBA0,System-F375RZWPA06,,UK27-61-462C,Hose flexible (Low),,,20
System-6PBA0,System-B101LYABB01,,UK01-15-212,SHROUD-COOL'G FAN                                                                                   ,,,5
System-6PBA0,System-TA50LYATA01,,UK01-13-566,DUCT ASSEMBLY ACCA,,,20
System-6PBA0,System-R732LYATA05,,UK01-13-246D,JOINT-RUBBER,,,10
System-6PBA0,System-TA30LYATA01,,UK01-13-220B,HOSE ASSY-AIR INT,,,10
System-6PBA0,System-C115RK6LD01,,UF0L-66-460 Z0A,SW-R DEFG,,,100
System-6PBA0,System-F248RD3LA02,,UF0L-61-820,Duct assy R cooler,,,8
System-6PBA0,System-C340RK6LD01,,UF0L-61-530 Z0A,Switch Ass'y-(A) A/C,,,100
System-6PBA0,System-C337TCCLB01,,UF0L-61-200A 77,switch assy fan,,,10
System-6PBA0,System-C337TC6LB02,,UF0L-61-200 37,switch assy fan,,,10
System-6PBA0,System-C544RK6NB01,,UF0L-61-195,KNOB FAN,,,80
System-6PBA0,System-C800LYAAF04,,UC9T-61-190B,CONTR ASSY A/C & HTR AIR,,,10
System-6PBA0,System-C800LYAAB04,,UC9N-61-190B,CONTR ASSY A/C & HTR AIR,,,10
System-6PBA0,System-F108LYALA03,,UC9M-61-J14A,EXPANSION VALVE ASSY,,,20
System-6PBA0,System-F108LYALA02,,UC9M-61-J14,EXPANSION VALVE ASSY,,,10
System-6PBA0,System-D498LYALA02,,UC9M-61-549,COVER DASH PANEL,,,20
System-6PBA0,System-D511LYALA02,,UC9M-61-208,GROMMET FOR A/C ONLY,,,50
System-6PBA0,System-C800LYAAA04,,UC9M-61-190A,CONTR ASSY A/C & HTR AIR,,,10
System-6PBA0,System-C800RK6BB02,,UC5S-61-190C,Control assy heater,,,10
System-6PBA0,System-C800RK6BB03,,UC5S-61-190C,Control assy heater,,,10
System-6PBA0,System-C800RK6BB01,,UC5S-61-190B,Control assy heater,,,10
System-6PBA0,System-C800RK6AB02,,UC3R-61-190C,Control assy heater,,,10
System-6PBA0,System-C800RK6AB03,,UC3R-61-190C,Control assy heater,,,10
System-6PBA0,System-C800RK6AB01,,UC3R-61-190B,Control assy heater,,,10
System-6PBA0,System-C800LYABC04,,UC2V-61-190,CONTR ASSY A/C & HTR AIR,,,10
System-6PBA0,System-C800LYABF04,,UC2T-61-190B,CONTR ASSY A/C & HTR AIR,,,10
System-6PBA0,System-C800LYABE04,,UC2P-61-190A,CONTR ASSY A/C & HTR AIR,,,10
System-6PBA0,System-C800LYABD04,,UC2N-61-190,CONTR ASSY A/C & HTR AIR,,,10
System-6PBA0,System-C800LYABB04,,UC2E-61-190B,CONTR ASSY A/C & HTR AIR,,,10
System-6PBA0,System-C800LYABA04,,UC2B-61-190A,CONTR ASSY A/C & HTR AIR,,,10
System-6PBA0,System-C800RK6LB02,,UC0R-61-190C,Control assy heater,,,10
System-6PBA0,System-C800RK6LB03,,UC0R-61-190C,Control assy heater,,,10
System-6PBA0,System-C800RK6LB01,,UC0R-61-190B,Control assy heater,,,10
System-6PBA0,System-C371TC6BA02,,UB9M664F0,SW-4WD,,,20
System-6PBA0,System-C328TC6BA01,,UB9M61C9Y,switch assy fan,,,10
System-6PBA0,System-C544RK6MC01,,UB9C-61-195,KNOB FAN,,,80
System-6PBA0,System-C115RK6LC01,,UB9B-66-460,SW-R DEFG,,,100
System-6PBA0,System-C340RK6LC01,,UB9B-61-530,Switch Ass'y-(A) A/C,,,100
System-6PBA0,System-C305RK6MC01,,UB9B-61-195,KNOB MODE,,,80
System-6PBA0,System-C800RK6MB02,,UB9B-61-190C,Control assy heater,,,10
System-6PBA0,System-C800RK6MB03,,UB9B-61-190C,Control assy heater,,,10
System-6PBA0,System-C800RK6MB01,,UB9B-61-190A,Control assy heater,,,10
System-6PBA0,System-C305RK6LB01,,UB2P-66-141A,Knob assy cont,,,80
System-6PBA0,System-F186TC6LB01,,UB2F-61-52Z,Plate assy seal,,,100
System-6PBA0,System-F186TC6LA01,,UB2F-61-52Y,Plate assy seal,,,100
System-6PBA0,System-D466TC6DA01,,UB2D-61-212,Hose water#2,,,30
System-6PBA0,System-F200TC6AA03,,UB2C-61-480D,Condenser assy,,,3
System-6PBA0,System-A468TC6AA01,,UB2C-61-470B,Bracket ass'y Hose,,,50
System-6PBA0,System-D466TC6CB01,,UB2C-61-213,Hose Water#3,,,30
System-6PBA0,System-D466TC6CA01,,UB2C-61-212A,Hose water #2,,,30
System-6PBA0,System-F374RK6BA02,,UA7J-61-461,Tube hose assy,,,20
System-6PBA0,System-C508RK6BA01,,UA7G-61-C45,REC FRESH CABLE,,,10
System-6PBA0,System-C507RK6BA01,,UA7G-61-C35,MODE CABLE,,,10
System-6PBA0,System-C308RK6BA01,,UA7G-61-C25,TEMP CABLE,,,10
System-6PBA0,System-F374RK6AA02,,UA7G-61-461,Tube hose assy,,,20
System-6PBA0,System-C800RK6BA07,,UA7G-61-190G,Control assy heater,,,10
System-6PBA0,System-C800RK6BA06,,UA7G-61-190F,Control assy heater,,,10
System-6PBA0,System-C800RK6BA08,,UA7G-61-190F,Control assy heater,,,10
System-6PBA0,System-C800RK6BA05,,UA7G-61-190D,Control assy heater,,,10
System-6PBA0,System-C371TC6AA01,,UA6L664F0B,SW-4WD,,,10
System-6PBA0,System-C305RK6LA01,,UA6L66141,Knob,,,80
System-6PBA0,System-C328TC6AA01,,UA6L-61-C9Y,Bulb Ass'y,,,10
System-6PBA0,System-C544RK6MB01,,UA6K-61-195,Knob fan,,,80
System-6PBA0,System-C115RK6LB01,,UA6G-66-460,Switch assy,,,100
System-6PBA0,System-D536TCCLA01,,UA6G-61-810 77,Grille assy ,,,2
System-6PBA0,System-D536TC6LA01,,UA6G-61-810 37,Grill assy,,,60
System-6PBA0,System-C340RK6LB01,,UA6G-61-530,Switch assy (A) a/c,,,100
System-6PBA0,System-D466TC6AA01,,UA6G-61-212,Hose water #2,,,30
System-6PBA0,System-C337TC6LA03,,UA6G-61-200B37,switch assy fan,,,10
System-6PBA0,System-C305RK6MB01,,UA6G-61-195,Knob,,,80
System-6PBA0,System-D466RK6LA01,,UA3F-61-211,Hose water #1,,,40
System-6PBA0,System-C800RK6LA08,,UA3F-61-190H,Control assy heater,,,10
System-6PBA0,System-C800RK6LA06,,UA3F-61-190F,Control assy heater,,,10
System-6PBA0,System-C800RK6LA05,,UA3F-61-190E,Control assy heater,,,10
System-6PBA0,System-C800RK6LA04,,UA3F-61-190C,Control assy heater,,,10
System-6PBA0,System-F784LYATB02,,U2Y0-13-Z40A,Air cleaner filter (MAZDA logo),,,288
System-6PBA0,System-R429LYAAA01,,U201-15-351,CTNR ASSY RAD OVR/FLO,,,4
System-6PBA0,System-TA11LYATC01,,TA11LYATC01,Dirty Air Duct,,,50
System-6PBA0,System-F777RMBNA01,,NPN-D03,TUBE ASM A/C EVPR,,,10
System-6PBA0,System-F380RD3LB03,,G6B2-15-811B,Bracket comp,,,8
System-6PBA0,System-F374DC4AA05,,F374DC4AA05,Dis hose assy,,,10
System-6PBA0,System-F303RMBXB01,,F303RMBXB01,SWITCH ASS'Y BLOWER,,,10
System-6PBA0,System-F303RMBXA01,,F303RMBXA01,SWITCH ASS'Y BLOWER,,,10
System-6PBA0,System-A208RZWAA01,,DX52-61-481,Rubber insulator,,,100
System-6PAWQ,System-A407KKPAA03,,DX52-61-477,Clip,,,100
System-6PBA0,System-F500LQBAA01,,DS56-61-450,COMP & CLUTCH ASSY,,,100
System-6PBA0,System-F375LQ9TB03,,DN86-61-462,HOSE-FLEXIBLE;L,,,10
System-6PBA0,System-D901LQ9SB03,,DN83-61-150B,DUCT-AIR (DN83-61-150B),,,2
System-6PBA0,System-D901LQ9SA04,,DN82-61-150B,DUCT-AIR (DN82-61-150B),,,2
System-6PBA0,System-F372LQ9QA01,,DN34-61-465,PIPE-COOLER, #2,,,10
System-6PBA0,System-F371LQ9QA02,,DN34-61-464A,PIPE-COOLER, #1,,,10
System-6PBA0,System-F454LQ9QA04,,DN34-61-460B,HOSE ASSY-FLEXIBLE,,,10
System-6PBA0,System-F371LQ9RA03,,DN32-61-464B,PIPE-COOLER, #1,,,10
System-6PBA0,System-F454LQ9RA04,,DN32-61-460C,HOSE ASSY-FLEXIBLE,,,10
System-6PBA0,System-D901LQ9QA01,,DN28-61-150,INTAKE DUCT-AIR,,,2
System-6PBA0,System-D901LQ9RB01,,DN25-61-150,DUCT-AIR (AV59-19E726-BC),,,2
System-6PBA0,System-D901LQ9RA01,,DN24-61-150,DUCT-AIR (DN24-61-150),,,2
System-6PBA0,System-D901LQ9TB03,,DN21-61-150B,DUCT-AIR (DN21-61-150B),,,2
System-6PBA0,System-F5A4LQ9TA01,,DN20-61-L30,COIL KIT FIELD,,,10
System-6PBA0,System-F5A5LQ9TA01,,DN20-61-L20,ARMATURE & PULLEY,,,10
System-6PBA0,System-F5A6LQ9TA01,,DN20-61-L1Y,SHIM MAGNET CLUTCH,,,10
System-6PATB,System-C509LQ9TA01,,DN20-61-A46,Cable Holder,,,5
System-6PBA0,System-D105LQ9TA01,,DN20-61-A03,HEATER CASE (3)                                                                                     ,,,5
System-6PAWQ,System-F864LQ9TA01,,DN20-61-501,TANK-R/DRIER,,,42
System-6PBA0,System-F200LQ9TA03,,DN20-61-480,CONDENSER ASSY,,,28
System-6PBA0,System-F777LQ9TA04,,DN20-61-46XA,PIPE ASSY-COOLER,,,15
System-6PBA0,System-F375LQ9TA04,,DN20-61-462,HOSE-FLEXIBLE;L,,,10
System-6PBA0,System-F374LQ9TA02,,DN20-61-461,HOSE-FLEXIBLE;H,,,20
System-6PBA0,System-F500LQ9TA05,,DN20-61-450B,COMP & CLUTCH ASSY A/C,,,96
System-6PBA0,System-D901LQ9TA04,,DN20-61-150B,INTAKE DUCT-AIR,,,2
System-6PBA0,System-F139LQDPA01,,DA2L-61-466,TUBE ASSY  A/C SUCTION,,,40
System-6PBA0,System-F372LQDPA02,,DA2L-61-465A,TUBE ASSY  A/C LIQUID (D6B1-19N651-AB),,,40
System-6PBA0,System-F375LQDPA01,,DA1P-61-YC0A,TUBE ASSY  A/C COMPR OUTLET,,,40
System-6PBA0,System-F371LQDPA01,,DA1P-61-464,TUBE ASSY  A/C EVAP INLET,,,40
System-6PBA0,System-F374LQDPA01,,DA1P-61-461A,TUBE ASSY  A/C COMPR INTLET,,,40
System-6PBA0,System-F375LQCTB01,,DA1B-61-462,Hose Flex, Low,,,10
System-6PBA0,System-F375LQCTA01,,DA1A-61-462,Hose Flex, Low,,,10
System-6PBA0,System-F374LQCTA01,,DA1A-61-461A,Hose Flex, High,,,20
System-6PBA0,System-F500LQCTA01,,DA1A-61-450A,COMP & CLUTCH ASSY A/C,,,2
System-6PBA0,System-D901LQ9QB01,,D6B119E726AA,DUCT AIR INTAKE EATC LHD,,,2
System-6PBA0,System-C516RZWLA01,,C516-RZWLA-01,Coil Spring,,,200
System-6PAUD,System-C315RZWLA03,,C315-RZWLA-03,GEAR & SHAFT ASS'Y-TEMP SWITCH                                                                      ,,,100
System-6PBA0,System-C305RZWLA02,,C305-RZWLA-02,knob ass'y cont,,,100
System-6PBA0,System-F737LPCTB01,,AV61 19A834 RB,TUB ASY A/C EVP INLT & OLET [IHEX],,,45
System-6PBA0,System-F737LPCTA01,,AV61 19A834 LH,TUB ASY A/C EVP INLT & OLET [IHEX],,,45
System-6PBA0,System-R200YAYPA07,,AJ34-15-200P00,RADIATOR ASS'Y(AJ34 15 200),,,18
System-6PBA0,System-R428LYAAA01,,AB39-8K218-AA,CTNR ASSY RAD OVR/FLO,,,4
System-6PBA0,System-B119LYABA01,,AB39-8A247-BB,SHROUD ASSY FAN,,,4
System-6PBA0,System-B119LYAAA01,,AB39-8A247-AA,SHROUD ASSY FAN,,,8
System-6PBA0,System-F374LYALC01,,AB39-19C700-CB,HOSE FLEXIBLE HIGH,,,20
System-6PBA0,System-F374LYALB01,,AB39-19C700-BB,HOSE FLEXIBLE HIGH,,,20
System-6PBA0,System-F374LYALA02,,AB39-19C700-AB,HOSE FLEXIBLE HIGH,,,20
System-6PBA0,System-F248LYAAA01,,AB39-18D260-BA,DCT HTR BLW OLET RR,,,10
System-6PBA0,System-F248LYALA01,,AB39-18D260-AA,DCT HTR BLW OLET RR,,,10
System-6PBA0,System-F372LYALB05,,AB39 19N651 BF,PIPE ASSY COOLER,,,10
System-6PBA0,System-F372LYALA05,,AB39 19N651 AF,PIPE ASSY COOLER,,,10
System-6PBA0,System-F375LYALC05,,AB39 19N602 CD,HOSE FLEXIBLE LOW,,,20
System-6PBA0,System-F375LYALB04,,AB39 19N602 BC,HOSE FLEXIBLE LOW,,,20
System-6PBA0,System-F375LYALA04,,AB39 19N602 AC,HOSE FLEXIBLE LOW,,,20
System-6PBA0,System-F374LQBQA01,,AA6919F618BA,TUBE ASSY  A/C COMP INLET (DV5),,,20
System-6PBA0,System-F375LQBQA01,,AA6919972BA,SUCTION HOSE ASSY (DV5),,,10
System-6PBA0,System-F375TEDLA01,,92480KH40A,HOSE ASS'Y FLEX,LOW,,,40
System-6PBA0,System-F375TE7AA05,,92480JR50A,Pipe compl-FR cooler, high-sub,,,40
System-6PBA0,System-F375TE7BA02,,92480EB70B,Pipe compl-FR cooler, high-sub,,,30
System-6PBA0,System-F375TE7BA04,,92480EB70B,Pipe compl-FR cooler, high-sub,,,40
System-6PBA0,System-F375TE7LA07,,92480EB70A,Pipe compl-FR cooler, high-sub,,,40
System-6PBA0,System-F372TE7AA02,,92440JR80A,Pipe compl-FR cooler, high-sub,,,30
System-6PBA0,System-F372TE7LA01,,92440 EB70A,Pipe compl-FR cooler, high-sub,,,30
System-6PBA0,System-F372TE7LA02,,92440 EB70A,Pipe compl-FR cooler, high-sub,,,30
System-6PBA0,System-F849RMBLB05,,92421145,PIPE REAR ASS'Y,,,20
System-6PBA0,System-F849RMBLA05,,92421144,PIPE REAR ASS'Y,,,20
System-6PBA0,System-F454RMBLB02,,92269293,HOSE ASM A/C COMP,,,15
System-6PBA0,System-F859RMBLB03,,92269201,HOSE ASM-A/C EVPR,,,15
System-6PBA0,System-F303RMBLA03,,92267911,SWITCH ASS'Y BLOWER,,,10
System-6PBA0,System-F303RMBLB03,,92267910,SWITCH ASS'Y BLOWER,,,10
System-6PBA0,System-F849RM7LA07,,92260896,PIPE REAR ASS'Y,,,15
System-6PBA0,System-F777RMBLA01,,92256427,TUBE ASM A/C EVPR,,,10
System-6PBA0,System-F303RM7LB03,,92243139,Switch Ass'y-Blower,,,10
System-6PBA0,System-F303RM7LA04,,92243138,Switch Ass'y-Blower,,,10
System-6PBA0,System-F773RM7TD02,,92240083,Seal-Rad Inet Tank,,,50
System-6PBA0,System-F773RM7TB02,,92240082,Seal-Rad Inet Tank,,,50
System-6PBA0,System-F773RM7TA02,,92240080,Seal-Rad Inet Tank,,,30
System-6PBA0,System-F777RM9LA02,,92235805,TUBE  ASSY -A/C EVPR,,,10
System-6PBA0,System-F777RM9AA02,,92235804,TUBE  ASSY -A/C EVPR,,,10
System-6PBA0,System-F139RM9LB02,,92235803,HOSE ASM A/C EVAP TXV,,,10
System-6PBA0,System-F139RM9AB02,,92235802,HOSE ASM A/C EVAP TXV,,,10
System-6PBA0,System-F454RM9LB02,,92235801,HOSE ASM A/C COMP,,,15
System-6PBA0,System-F777RM7LA04,,92192479,SPACER-A/C CONDENSER,,,10
System-6PBA0,System-F777RM7NA04,,92192477,SPACER-A/C CONDENSER,,,10
System-6PBA0,System-F777RM7BA03,,92192476,SPACER-A/C CONDENSER,,,15
System-6PBA0,System-F859RM7LB04,,92192475,PIPE REAR ASSY,,,15
System-6PBA0,System-F859RM7LA05,,92192474,PIPE REAR ASSY,,,15
System-6PBA0,System-F139RM7AA02,,92192472,HOSE ASSY-A/C EVAP TXV,,,10
System-6PBA0,System-F139RM7LB03,,92192471,HOSE ASSY-A/C EVAP TXV,,,10
System-6PBA0,System-F139RM7LA03,,92192469,HOSE ASSY-A/C EVAP TXV,,,10
System-6PBA0,System-F454RM7LB03,,92192466,HOSE ASSY A/C COMP.,,,15
System-6PBA0,System-F454RM7LA03,,92192465,HOSE ASSY A/C COMP.,,,15
System-6PBA0,System-F340RM7LA02,,92192464,Switch Ass'y-(A) A/C,,,10
System-6PBA0,System-F240RM7TA03,,92192462,Rear duct assy,,,10
System-6PBA0,System-F492RZWCB01,,UJ65-61-465,Compressor,,,20
System-6PBA0,System-D465RZWDA02,,UJ41-61-211A,Hose Water #1,,,30
System-6PBA0,System-D100RK6AB02,,UJ36-61-130G,HEATER UNIT ASSY,,,2
System-6PBA0,System-F206RZWAA02,,UJ35-61-695,Braket Relay,,,100
System-6PBA0,System-F375RZWCA08,,UJ10-61-462E,Hose-Flexible,,,20
System-6PBA0,System-F375RZWCA09,,UJ10-61-462E,Hose flexible (Low),,,20
System-6PBA0,System-F400RZWAA04,,UJ08-61-472,Bracket,,,20
System-6PBA0,System-F737RZWBA16,,UJ08-61-46XG,Pipe Ass'y Cooler,,,40
System-6PBA0,System-F492RZWBA05,,UJ08-61-465C,Pipe(B)-suction,,,20
System-6PBA0,System-F492RZWBA04,,UJ08-61-465B,Pipe(B)-suction,,,20
System-6PBA0,System-F371RZWBA09,,UJ08-61-464E,liquid tube B,,,20
System-6PBA0,System-F371RZWBA04,,UJ08-61-464B,liquid tube B,,,20
System-6PBA0,System-F375RZWBA08,,UJ08-61-462D,Hose flexible (Low),,,20
System-6PBA0,System-D141RZWAA04,,UJ07-61-150,Center Duct,,,24
System-6PBA0,System-SZ02RZWAA01,,UJ06-61-L10,Clutch assy magnet,,,2
System-6PBA0,System-SZ01RZWAA01,,UJ06-61-K00,comp Body,,,2
System-6PBA0,System-C508RZWAA05,,UJ06-61-C45,REC FRESH CABLE,,,10
System-6PBA0,System-F369RZWAA05,,UJ06-61-549C,Grommet,,,100
System-6PBA0,System-F386RZWAA05,,UJ06-61-52XC,Grommet,,,60
System-6PBA0,System-F386RZWAA04,,UJ06-61-52XB,Drain Hose,,,60
System-6PBA0,System-F495RZWAA02,,UJ06-61-473,CLIP, PIPE,,,20
System-6PBA0,System-F495RZWAA04,,UJ06-61-473,CLIP, PIPE,,,20
System-6PBA0,System-F406RZWAA07,,UJ06-61-472C,Brkt Hose,,,50
System-6PBA0,System-F398RZWAA08,,UJ06-61-471C,Brkt Hose,,,100
System-6PBA0,System-A468RZWAA02,,UJ06-61-470A,Bracket & clip assy,,,100
System-6PBA0,System-F737RZWAA13,,UJ06-61-46XH,Pipe Ass'y Cooler,,,40
System-6PBA0,System-F390RZWAA04,,UJ06-61-466C,Pipe (A) suction,,,20
System-6PBA0,System-F492RZWAA06,,UJ06-61-465D,Pipe(B)-suction,,,20
System-6PBA0,System-F371RZWAA05,,UJ06-61-464C,Liquid tube B,,,20
System-6PBA0,System-F375RZWAA08,,UJ06-61-462D,Hose flexible (Low),,,20
System-6PBA0,System-F374RZWAA04,,UJ06-61-461B,Hose Flexible(High),,,10
System-6PBA0,System-F500RZWAA01,,UJ06-61-450,Compressor,,,2
System-6PBA0,System-D466RZWAA02,,UJ06-61-212A,Hose Water #2,,,30
System-6PBA0,System-D465RZWAA02,,UJ06-61-211,Hose Water #1,,,30
System-6PBA0,System-D468RZWLA06,,UH86-61-22Y,Pipe assy-water,,,10
System-6PBA0,System-D469RZWLA03,,UH86-61-21X,Pipe/Hose Ass'y,,,10
System-6PBA0,System-D467RZWLA05,,UH86-61-213B,Hose Water #3,,,60
System-6PBA0,System-D465RZWLA02,,UH86-61-211A,Hose Water #1,,,30
System-6PBA0,System-F372RZWLA12,,UH81-61-464E,Pipe Cooler #1,,,10
System-6PBA0,System-F372RZWLA10,,UH81-61-464C,Pipe cooler #1,,,20
System-6PBA0,System-F375RZWLA06,,UH81-61-462B,Hose flexible (Low),,,20
System-6PBA0,System-F374RZWLA08,,UH81-61-461E,Hose Flexible(High),,,10
System-6PBA0,System-D497RZWLA05,,UH81-61-217A,Clip water hose,,,300
System-6PBA0,System-D466RZWNA02,,UH81-61-212A,Hose Water #2,,,30
System-6PBA0,System-D465RZWNA06,,UH81-61-211C,Hose Water #1,,,30
System-6PBA0,System-D513RZWLA04,,UH81-61-208B,Grommet,,,200
System-6PBA0,System-F372RZWNA13,,UH73-61-464E,Pipe Cooler #1,,,10
System-6PBA0,System-F372RZWNA10,,UH73-61-464C,Pipe cooler #1,,,20
System-6PBA0,System-F727RZWMD03,,UH72-61-557A,Grommet,,,50
System-6PBA0,System-F117RZWMD03,,UH72-61-549A,Grommet,,,60
System-6PBA0,System-F375RZWNA02,,UH72-61-462,Hose flexible (Low),,,20
System-6PBA0,System-D141RZWLD05,,UH72-61-150,Center Duct,,,24
System-6PBA0,System-D499RZWMB05,,UH72-61-145B,Cover Motor,,,100
System-6PBA0,System-C303RZWLA04,,UH71-61-C50,Blower switch assy cont,,,84
System-6PBA0,System-F206RZWLA03,,UH71-61-695,Braket Relay,,,100
System-6PBA0,System-F727RZWLA03,,UH71-61-557A,Grommet,,,20
System-6PBA0,System-F117RZWLA04,,UH71-61-549A,Grommet,,,120
System-6PBA0,System-F386RZWLA04,,UH71-61-52XB,Drain Hose,,,60
System-6PBA0,System-F373RZWLA06,,UH71-61-501,RECEIVER DRIER ASS'Y-A/C,,,35
System-6PBA0,System-F375RZWMA06,,UH71-61-462B,Hose flexible (Low),,,20
System-6PBA0,System-F374RZWMA13,,UH71-61-461A,Hose Flexible(High),,,10
System-6PBA0,System-D498RZWLA04,,UH71-61-237B,Cover Dash Panel,,,300
System-6PBA0,System-D511RZWMA03,,UH71-61-208A,Grommet,,,200
System-6PBA0,System-F375RZWMA04,,UH71 61 462A,Hose flexible (Low),,,20
System-6PBA0,System-R732LYATB05,,UH01-13-246D,JOINT-RUBBER,,,10
System-6PBA0,System-TA30LYATB01,,UH01-13-220B,HOSE ASSY-AIR INT,,,10
System-6PBA0,System-C800LYAAE04,,UF9T-61-190A,CONTR ASSY A/C & HTR AIR,,,10
System-6PBA0,System-C800LYAAG04,,UF9S-61-190B,CONTR ASSY A/C & HTR AIR,,,10
System-6PBA0,System-C800LYAAD04,,UF9R-61-190,CONTR ASSY A/C & HTR AIR,,,10
System-6PBA0,System-C800LYAAC04,,UF9P-61-190,CONTR ASSY A/C & HTR AIR,,,10
System-6PBA0,System-F248RD3AA02,,UF6A-61-820,Duct assy R cooler,,,6
System-6PBA0,System-C305RK6NB01,,UF0M-61-195,KNOB MODE,,,80
System-6PAMB,System-D252GGXAA05,,,CORE ASSY HEATER,,,30
System-6PAMB,System-D252LP4AA01,,,CORE PART HTR,,,30
System-6PAMB,System-D252LYAAA01,,,CORE PART HTR,,,500
System-6PAMB,System-D252QQVAA01,,,CORE ASS'Y-HTR,,,30
System-6PAMB,System-D252QQVAA05,,,CORE ASSY HEATER,,,30
System-6PAMB,System-D252RK6AA01,,,CORE PART-HTR,,,500
System-6PAMB,System-D252RM7AA01,,,CORE PART-HTR,,,30
System-6PAMB,System-D252VVRAA08,,,CORE ASSY HEATER,,,30
System-6PAMC,System-F760BF1AA04,,,CORE ASSY COND,,,20
System-6PAMC,System-F760LP4AA01,,,CORE ASSY-COND,,,10
System-6PAMC,System-F760RAXAA01,,,CORE ASS'Y-COND,,,10
System-6PAMC,System-F760RM7AA01,,,CORE ASS'Y-COND,,,40
System-6PAMC,System-F760RM7AB01,,,CORE ASS'Y-COND,,,10
System-6PAMC,System-F760RZWLA03,,,CORE ASS'Y-COND,,,20
System-6PAMC,System-F760RZWLB02,,,CORE ASS'Y COND,,,40
System-6PAMD,System-R121RK6NA01,,,OIL COOLER CORE ASS'Y,,,12
System-6PAMD,System-R121RK6PA01,,,OIL COOLER CORE ASS'Y,,,12
System-6PANC,System-A152AZPBB01,,A152-AZPBB-01,PLATE & FIN ASSY,,,60
System-6PANC,System-A152BBJLB01,,92239219-1-17-SS,PLATE & FIN ASSY,,,96
System-6PANC,System-A152CCKAB01,,,PLATE&FIN ASSY WITH CONNECTOR,,,96
System-6PANC,System-A152CCKLB01,,,PLATE & FIN ASSY,,,96
System-6PANC,System-A152CCTAA01,,,PLATE&FIN ASSY WITH CONNECTOR,,,96
System-6PANC,System-A152GGNAB01,,,PLATE & FIN ASSY,,,96
System-6PANC,System-A152GGSAA17,,,FIN & PLATE ASSY E/CORE,,,96
System-6PANC,System-A152QAVAA04,,,FIN & PLATE ASSY E/CORE,,,60
System-6PANC,System-A152QBVAB01,,,PLATE & FIN ASSY,,,60
System-6PANC,System-A152TF5AA01,,,FIN & PLATE ASSY-E/CORE,,,60
System-6PANC,System-A152TF5AB01,,,FIN & PLATE ASS'Y-E/CORE,,,60
System-6PANC,System-A152TF5AD01,,,FIN & PLATE ASS'Y-E/CORE,,,60
System-6PANC,System-D251BFWAA05,,,CORE ASSY HEATER,,,1
System-6PANC,System-D251LP4AA01,,,CORE ASSY-HTR,,,1
System-6PANC,System-D251LP4AA02,,,CORE ASSY-HTR,,,1
System-6PANC,System-D251LP4LA02,,,CORE ASSY-HTR,,,1
System-6PANC,System-D251RM7AA01,,,CORE ASSY-HTR,,,1
System-6PANC,System-D251RM7LA01,,,CORE ASSY-HTR,,,1
System-6PANC,System-D251RZWAA04,,,HEATER CORE ASS'Y,,,1
System-6PANC,System-D251RZWAA05,,,HEATER CORE ASS'Y,,,1
System-6PANC,System-D251RZWAA06,,,HEATER CORE ASS'Y,,,1
System-6PANC,System-D251RZWBA04,,,HEATER CORE ASS'Y,,,1
System-6PANC,System-D251RZWLA04,,,HEATER CORE ASS'Y,,,1
System-6PANC,System-D251RZWLA05,,,HEATER CORE ASS'Y,,,1
System-6PANC,System-D251RZWLA06,,,HEATER CORE ASS'Y,,,1
System-6PANC,System-D251RZWPA05,,,HEATER CORE ASS'Y,,,1
System-6PANC,System-D252RM7AA01,,,CORE PART-HTR,,,60
System-6PANC,System-D417LYAAA01,,D417LYAAA01,CORE &TANK ASSY-HTR,,,120
System-6PANC,System-D417RK6AA01,,,Core & Tank Ass'y-HTR,,,120
System-6PANC,System-F151BFWAB02,,,CORE ASSY-A/C EVAP,,,54
System-6PANC,System-F152ACWLA04,,,FIN & PLATE ASSY-E/CORE,,,70
System-6PANC,System-F152AKYAA09,,,FIN & PLATE ASSY-E/CORE,,,70
System-6PANC,System-F152AKYAA10,,,FIN & PLATE ASSY-E/CORE,,,70
System-6PANC,System-F152BBWAA05,,,FIN & PLATE ASSY E/CORE,,,50
System-6PANC,System-F152BBWLA05,,,FIN & PLATE ASSY E/CORE,,,50
System-6PANC,System-F152BF1BB01,,,FIN & PLATE ASS'Y,,,60
System-6PANC,System-F152DC4AA01,,,FIN & PLATE ASSY-E/CORE,,,60
System-6PANC,System-F152EA4AA02,,,FIN & PLATE ASSY-E/CORE,,,112
System-6PANC,System-F152EA4RA02,,,FIN & PLATE ASSY-E/CORE,,,70
System-6PANC,System-F152GGXAA05,,,FIN & PLATE ASSY E/CORE,,,35
System-6PANC,System-F152HHXAB02,,,FIN & PLATE ASSY-E/CORE,,,70
System-6PANC,System-F152KBXAA04,,,FIN & PLATE ASSY E/CORE,,,35
System-6PANC,System-F152KF2AA06,,,FIN & PLATE ASSY-E/CORE,,,20
System-6PANC,System-F152LYALA02,,,FIN & PLATE ASSY E/CORE,,,120
System-6PANC,System-F152QQVAA08,,,FIN & PLATE ASSY E/CORE,,,50
System-6PANC,System-F152QQVAA09,,,FIN & PLATE ASSY E/CORE,,,50
System-6PANC,System-F152RAXLA01,,,PLATE & FIN ASS'Y-A/C E/CORE,,,50
System-6PANC,System-F152RAXLA02,,,PLATE & FIN ASS'Y-A/C E/CORE,,,60
System-6PANC,System-F152RD3TB01,,,FIN & PLATE ASSY-E/CORE,,,60
System-6PANC,System-F152RK6LA01,,,FIN & PLATE ASSY-E/CORE,,,70
System-6PANC,System-F152RM7BA01,,,FIN & PLATE ASSY-E/CORE,,,60
System-6PANC,System-F152RM7LA01,,,FIN & PLATE ASSY-E/CORE,,,45
System-6PANC,System-F152TF5AA01,,,FIN & PLATE ASS'Y-E/CORE,,,60
System-6PANC,System-F152TF5AD01,,,FIN & PLATE ASS'Y-E/CORE,,,60
System-6PANC,System-F152TF5AD02,,,FIN & PLATE ASSY-E/CORE,,,60
System-6PANC,System-F152TF5AJ01,,,FIN AND PLATE ASS'Y-E/CORE,,,60
System-6PANC,System-F152TF7AE01,,,FIN & PLATE ASS'Y-E/CORE,,,60
System-6PANC,System-R202KUAAA01,,,CORE ASS'Y-RADIATOR,,,40
System-6PANC,System-R202KUABA01,,,RADIATOR CORE ASS'Y,,,40
System-6PANC,System-R202KUADA01,,,CORE ASS'Y-RADIATOR  (E40AB),,,40
System-6PANC,System-R202KUAEA01,,,RADIATOR CORE ASS'Y,,,40
System-6PANC,System-R202LQ9RA01,,,CORE ASS'Y-RADIATOR,,,39
System-6PANC,System-R202LYACA01,,,CORE ASS'Y-RADIATOR,,,30
System-6PANC,System-R202LYADA01,,,CORE ASS'Y-RADIATOR,,,30
System-6PANC,System-R202LYANA01,,,CORE ASS'Y-RADIATOR,,,30
System-6PANC,System-R202LYAQA01,,,CORE ASS'Y-RADIATOR,,,30
System-6PANC,System-R202RAXCA02,,,CORE ASSY-RAD.(MTX),,,10
System-6PANC,System-R202RAXNA02,,,CORE ASSY-RAD.(ATX),,,10
System-6PANC,System-R202RF3CA02,,,CORE ASS'Y-RAD (18.5),,,10
System-6PANC,System-R202RF5CA01,,,CORE ASSY-RAD,,,10
System-6PANC,System-R202RF5DA01,,,CORE ASSY-RAD,,,10
System-6PANC,System-R202RM7CA01,,,CORE ASS'Y-RADIATOR,,,10
System-6PANC,System-R202RM7DA01,,,CORE ASS'Y-RADIATOR,,,10
System-6PANC,System-R202RM7NA02,,,CORE ASS'Y-RADIATOR-DSL,,,10
System-6PANC,System-R202RM7QA02,,,CORE ASS'Y-RADIATOR-DSL,,,10
System-6PANC,System-R202RZWCA02,,,CORE ASSY-RADIATOR,,,30
System-6PANC,System-R202RZWFA01,,,CORE ASS'Y-RADIATOR,,,30
System-6PANC,System-R202RZWPA02,,,CORE ASS'Y-RADIATOR,,,30
System-6PANC,System-R202YAYCA01,,,CORE ASSY-RAD,,,10
System-6PANC,System-R700RZWAA01,,,INTER COOLER ASS'Y,,,56
System-6PANC,System-R700RZWAA02,,,INTERCOOLER ASSY,,,56
System-6PANC,System-R700RZWAA03,,,INTERCOOLER ASSY,,,56
System-6PANC,System-R700TF6CA01,,,INTER COOLER ASS'Y,,,40
System-6PANC,System-R700TF6TA01,,,INTER COOLER J97 W/O PAINTING,,,30
System-6PANC,System-R701RM7AA01,,,CORE ASSY INTER COOLER,,,80
System-6PANC,System-R701TF6AA01,,,PLATE ASS'Y-I/COOLER,,,0
System-6PANC,System-R701WMCAA01,,,CORE ASSY,,,30
System-6PANC,System-R750MA5CA06,,,CM INTER COOLER(2.2),,,40
System-6PANC,System-R750TF9AA01,,,INTER COOLIER,,,1
System-6PANC,System-R750TG6AA07,,,INTER COOLER ASS'Y,,,40
System-6PANC,System-R750TG6AA08,,,INTER COOLER ASS'Y (U-XYLO),,,1
System-6PANC,System-R750TG6AA09,,,INTER COOLER ASS'Y (U-XYLO),,,40
System-6PANC,System-R750TG6AA10,,,INTER COOLER ASS'Y (U-XYLO),,,40
System-6PANC,System-R750TG6BA05,,,INTER COOLER CORE ASS'Y,,,40
System-6PANC,System-R750TG6BA06,,,INTER COOLER CORE ASSY,,,40
System-6PANC,System-R750TG6BA07,,,INTER COOLER CORE ASSY,,,40
System-6PANC,System-R750TG6BA08,,,INTER COOLER CORE ASSY,,,40
System-6PANC,System-R750TG6BA10,,,INTER COOLER ASS'Y (EAGLE EURO III),,,40
System-6PANC,System-R750TG8AA02,,,INTER COOLER (W408),,,40
System-6PANC,System-R750TG8AA03,,,INTER COOLER (W408),,,40
System-6PANC,System-R750TG9CA01,,,INTER COOLER CORE ASS'Y,,,1
System-6PANC,System-R750TG9CA03,,,INTER COOLER CORE ASS'Y(EAGLE EURO IV),,,40
System-6PANC,System-R750TGAAA01,,,INTERCOOLER  ASS'Y,,,40
System-6PANC,System-R750TGAAA02,,,INTERCOOLER  ASS'Y,,,40
System-6PANC,System-R750TGAAA03,,,INTERCOOLER  ASS'Y,,,40
System-6PANC,System-R750TGAAB01,,,INTER COOLER ASSY (U203),,,40
System-6PANC,System-R750TGAAB03,,,INTER COOLER ASSY (U203),,,40
System-6PANC,System-R750TGABA01,,,INTERCOOLER  ASS'Y,,,40
System-6PANC,System-R750TGBBA01,,,INTERCOOLER  ASS'Y (W201 Euro V),,,40
System-6PANC,System-R750TGCAA02,,,INTERCOOLER  ASS'Y,,,40
System-6PANC,System-R751MA5CA01,,,INTER COOLER,,,40
System-6PANC,System-R751MA5EA01,,,INTER COOLER,,,40
System-6PANC,System-R751MA5EA02,,,INTER COOLER,,,40
System-6PAPB,System-A152BBJLB01,,92239219-1-17-SS,PLATE & FIN ASSY,,,20
System-6PAPB,System-A152CCKAB01,,,PLATE&FIN ASSY WITH CONNECTOR,,,20
System-6PAPB,System-A152CCKLB01,,,PLATE & FIN ASSY,,,20
System-6PAPB,System-A152GGNAB01,,,PLATE & FIN ASSY,,,20
System-6PAPB,System-A152GGNGB01,,,PLATE & FIN ASSY,,,20
System-6PAPB,System-A152TF5AA01,,,FIN & PLATE ASSY-E/CORE,,,20
System-6PAPB,System-A152TF5AB01,,,FIN & PLATE ASS'Y-E/CORE,,,20
System-6PAPB,System-A152TF5AD01,,,FIN & PLATE ASS'Y-E/CORE,,,20
System-6PAPD,System-R700GRAAA01,,,INTER COOLER ASSY,,,20
System-6PAPD,System-R700LYAAA01,,,INTER COOLER ASS'Y,,,90
System-6PAPD,System-R700LYAAB01,,,INTR/CLR INTK MANF,,,90
System-6PAPD,System-R700RZWAA01,,,INTER COOLER ASS'Y,,,30
System-6PAPD,System-R700RZWAA02,,,INTERCOOLER ASSY,,,30
System-6PAPD,System-R700RZWAA03,,,INTERCOOLER ASSY,,,30
System-6PAPD,System-R700TF6AA01,,,INTER COOLER ASS'Y,,,30
System-6PAPD,System-R700TF6CA01,,,INTER COOLER ASS'Y,,,30
System-6PAPD,System-R700TF6TA01,,,INTER COOLER J97 W/O PAINTING,,,30
System-6PAPD,System-R750GRAAA01,,,INTER COOLER ASSEMBLY,,,20
System-6PAPD,System-R750MA5CA04,,,CM INTER COOLER,,,40
System-6PAPD,System-R750MA5CA05,,,CM INTER COOLER,,,40
System-6PAPD,System-R750MA5CA06,,,CM INTER COOLER(2.2),,,40
System-6PAPD,System-R750MA5CA09,,,CM INTER COOLER(2.2),,,40
System-6PAPD,System-R750MA5EA01,,,CM INTER COOLER,,,40
System-6PAPD,System-R750MA5EA02,,,CM INTER COOLER,,,40
System-6PAPD,System-R750MA5EA03,,,CM INTER COOLER(2.0),,,40
System-6PAPD,System-R750RM7AA04,,,INTER COOLER (C100),,,1
System-6PAPD,System-R750TF6CA01,,,INTER COOLIER (D-MAX),,,1
System-6PAPD,System-R750TF6CA02,,,INTER COOLIER (D-MAX),,,1
System-6PAPD,System-R750TF9AA01,,,INTER COOLIER,,,1
System-6PAPD,System-R750TF9AA02,,,INTER COOLIER,,,1
System-6PAPD,System-R750TF9CA01,,,INTER COOLER (BT-50),,,1
System-6PAPD,System-R750TG6AA04,,,INTER COOLER ASS'Y,,,40
System-6PAPD,System-R750TG6AA05,,,INTER COOLER ASS'Y,,,40
System-6PAPD,System-R750TG6AA07,,,INTER COOLER ASS'Y,,,40
System-6PAPD,System-R750TG6AA08,,,INTER COOLER ASS'Y (U-XYLO),,,40
System-6PAPD,System-R750TG6AA09,,,INTER COOLER ASS'Y (U-XYLO),,,40
System-6PAPD,System-R750TG6AA10,,,INTER COOLER ASS'Y (U-XYLO),,,40
System-6PAPD,System-R750TG6BA05,,,INTER COOLER CORE ASS'Y,,,40
System-6PAPD,System-R750TG6BA06,,,INTER COOLER CORE ASSY,,,40
System-6PAPD,System-R750TG6BA07,,,INTER COOLER CORE ASSY,,,40
System-6PAPD,System-R750TG6BA08,,,INTER COOLER CORE ASSY,,,40
System-6PAPD,System-R750TG6BA10,,,INTER COOLER ASS'Y (EAGLE EURO III),,,40
System-6PAPD,System-R750TG8AA02,,,INTER COOLER (W408),,,40
System-6PAPD,System-R750TG8AA03,,,INTER COOLER (W408),,,40
System-6PAPD,System-R750TG9CA01,,,INTER COOLER CORE ASS'Y,,,40
System-6PAPD,System-R750TG9CA03,,,INTER COOLER CORE ASS'Y(EAGLE EURO IV),,,40
System-6PAPD,System-R750TGAAA01,,,INTERCOOLER  ASS'Y,,,40
System-6PAPD,System-R750TGAAA02,,,INTERCOOLER  ASS'Y,,,40
System-6PAPD,System-R750TGAAA03,,,INTERCOOLER  ASS'Y,,,40
System-6PAPD,System-R750TGAAB01,,,INTER COOLER ASSY (U203),,,40
System-6PAPD,System-R750TGAAB02,,,INTER COOLER ASSY (U203),,,40
System-6PAPD,System-R750TGAAB03,,,INTER COOLER ASSY (U203),,,40
System-6PAPD,System-R750TGABA01,,,INTERCOOLER  ASS'Y,,,40
System-6PAPD,System-R750TGBBA01,,,INTERCOOLER  ASS'Y (W201 Euro V),,,40
System-6PBA0,System-F375LP4NA05,,5M5H19N602BC,Suction Hose Ass'y,,,40
System-6PBA0,System-F375LP4AA02,,5M5H19N602AC,Suction Hose Ass'y,,,30
System-6PBA0,System-F374LP4NA02,,5M5H19N601BB,Discharge Hose Ass'y,,,40
System-6PBA0,System-F374LP4AA02,,5M5H19N601AB,Discharge Hose Ass'y,,,40
System-6PBA0,System-F4A9LP4AA03,,5M5H19E631AC,Discharge Pipe Ass'y,,,100
System-6PBA0,System-F454LP4CA03,,5M5H19A705CC,Suction Hose Ass'y - A,,,30
System-6PBA0,System-F454LP4LB04,,5M5H19A705BE,Suction Hose Ass'y - A,,,30
System-6PBA0,System-F777LP4LB03,,5M5H19A704BD,Liquid Pipe Ass'y,,,30
System-6PBA0,System-F777LP4AA03,,5M5H19A704AC,Liquid Pipe Ass'y,,,30
System-6PBA0,System-F375LP4LD02,,3M5H19N602DG,TUB&HOS ASY A/C COMPR IN(3M5H-19N602-DG),,,245
System-6PBA0,System-F374LP4LD02,,3M5H19N601DH,TUB&HOS ASY A/C COMPR IN(3M5H-19N601-DH),,,250
System-6PBA0,System-A490LP4LA02,,3M5H19E647AH,ACUM & SW.ASSY-A/C(3M5H-19E647-AH),,,150
System-6PBA0,System-F777LP4LE01,,3M5H19A704EF,TUB ASY A/C EVP INLT(3M5H-19A704-EF),,,150
System-6PBA0,System-F479BF1LA01,,0K55G-61-908B,Bracket pipe,,,100
System-6PBA0,System-F495BFWAA08,,0K552-61-905B,CLIP NO.5,,,100
System-6PAUK,System-F714BFWAA06,,0K552-61-904,Clip,,,40
System-6PANC,System-F140LP4AA01,,F140LP4AA01,COND SUB ASS'Y,,,10
System-6PANC,System-F140LQ9QA02,,,COND SUB ASSY,,,20
System-6PANC,System-F140LQ9RA01,,,COND SUB ASSY,,,20
System-6PANC,System-F140LQCTA01,,,COND SUB ASSY,,,20
System-6PANC,System-F140LQDRA04,,,COND ASSY CORE,,,10
System-6PANC,System-F140LYALA02,,,COND SUB ASSY,,,20
System-6PANC,System-F140RAXAA04,,,COND. SUB ASS'Y-A/CON,,,10
System-6PANC,System-F140RM7AA01,,,COND SUB ASS'Y,,,40
System-6PANC,System-F140RM7AB01,,,COND SUB ASS'Y,,,10
System-6PANC,System-F140RZWLB01,,,CONDENSER SUB ASS'Y,,,20
System-6PANC,System-F140SP9AA01,,,COND SUB ASSY,,,5
System-6PANC,System-F760BF1AA04,,,CORE ASSY COND,,,1
System-6PANC,System-R121RK6NA01,,,OIL COOLER CORE ASS'Y,,,30
System-6PANC,System-R121RK6PA01,,,OIL COOLER CORE ASS'Y,,,30
System-6PANC,System-R202GRACA01,,,CORE ASSY-RAD E240,,,10
System-6PANC,System-R202GT7CA01,,,RADIATOR CORE ASS'Y,,,10
System-6PANC,System-R202GT7NA01,,,CORE ASS'Y-RADIATOR,,,10
System-6PANC,System-F140LQ9QA01,,,COND SUB ASSY,,,20
System-6PANC,System-F140RZWLA03,,,COND. SUB ASS'Y-A/CON,,,10
System-6PANC,System-F140SP9AB01,,,COND SUB ASSY,,,5
System-6PANC,System-F760QQ3AA02,,,CORE ASSY-COND,,,1
System-6PARC,System-F200LYALA02,System-OEM,UC9M-61-480,CONDENSER AIR COND,,,20
System-6PAUF,System-F500LYALA03,System-OEM,UC9M-61-450,COMPRESSOR ASSY,,,40
System-6PAUF,System-F500LYALB02,System-OEM,UC9M-61-450,COMPRESSOR ASSY,,,40
System-6PAUL,System-TA20LYATB02,System-OEM,L566-13-300D,CLEANER ASSY-AIR,,,2
System-6PAUM,System-TA40LYATA03,System-OEM,UK01-13-245D,JOINT RUBBER,,,5
System-6PAUM,System-TA40LYATB03,System-OEM,UH01-13-245C,JOINT RUBBER,,,5
System-6PAMA,System-F760LQ9QA02,,,COND.CORE ASS'Y,,,20
System-6PAMA,System-F760LQ9RA01,,,COND.CORE ASS'Y,,,60
System-6PAMA,System-F760LQCTA01,,,CORE ASSY COND,,,60
System-6PAMA,System-F760LYALA02,,,CORE ASSY COND,,,40
System-6PAMA,System-R202GRACA01,,,CORE ASSY-RAD E240,,,30
System-6PAMA,System-R202GT7CA01,,,RADIATOR CORE ASS'Y,,,30
System-6PAMA,System-R202GT7NA01,,,CORE ASS'Y-RADIATOR,,,30
System-6PAMA,System-R202KUAAA01,,,CORE ASS'Y-RADIATOR,,,15
System-6PAMA,System-R202KUABA01,,,RADIATOR CORE ASS'Y,,,15
System-6PAMA,System-R202KUADA01,,,CORE ASS'Y-RADIATOR  (E40AB),,,15
System-6PAMA,System-R202KUAEA01,,,RADIATOR CORE ASS'Y,,,15
System-6PAMA,System-R202LQ9RA01,,,CORE ASS'Y-RADIATOR,,,90
System-6PAMA,System-R202LYACA01,,,CORE ASS'Y-RADIATOR,,,60
System-6PAMA,System-R202LYADA01,,,CORE ASS'Y-RADIATOR,,,60
System-6PAMA,System-R202LYANA01,,,CORE ASS'Y-RADIATOR,,,50
System-6PAMA,System-R202LYAQA01,,,CORE ASS'Y-RADIATOR,,,60
System-6PAMA,System-R202RAXCA02,,,CORE ASSY-RAD.(MTX),,,20
System-6PAMA,System-R202RAXNA02,,,CORE ASSY-RAD.(ATX),,,20
System-6PAMA,System-R202RF3CA02,,,CORE ASS'Y-RAD (18.5),,,20
System-6PAMA,System-R202RF5CA01,,,CORE ASSY-RAD,,,20
System-6PAMA,System-R202RF5DA01,,,CORE ASSY-RAD,,,20
System-6PAMA,System-R202RM7CA01,,,CORE ASS'Y-RADIATOR,,,25
System-6PAMA,System-R202RM7DA01,,,CORE ASS'Y-RADIATOR,,,25
System-6PAMA,System-R202RM7NA02,,,CORE ASS'Y-RADIATOR-DSL,,,25
System-6PAMA,System-R202RM7QA02,,,CORE ASS'Y-RADIATOR-DSL,,,25
System-6PAMA,System-R202RZWCA02,,,CORE ASSY-RADIATOR,,,25
System-6PAMA,System-R202RZWFA01,,,CORE ASS'Y-RADIATOR,,,25
System-6PAMA,System-R202RZWPA02,,,CORE ASS'Y-RADIATOR,,,25
System-6PAMA,System-R202YAYCA01,,,CORE ASSY-RAD,,,20
System-6PAMB,System-D252ACWAA03,,,CORE ASSY HEATER,,,30
System-6PAPD,System-R750TGCAA01,,,INTERCOOLER  ASS'Y,,,40
System-6PAPD,System-R750TGCAA02,,,INTERCOOLER  ASS'Y,,,40
System-6PAPD,System-R750TGCAA03,,,INTERCOOLER  ASS'Y,,,40
System-6PAPD,System-R750WMCAA01,,,INTER COOLER ASS'Y,,,30
System-6PARH,System-A152BBJAB01,,92239219-1-17-SS,PLATE & FIN ASSY,,,120
System-6PARH,System-A152BBJLB01,,92239219-1-17-SS,PLATE & FIN ASSY,,,120
System-6PARH,System-A152CCKAB01,,,PLATE&FIN ASSY WITH CONNECTOR,,,120
System-6PARH,System-A152CCKLB01,,,PLATE & FIN ASSY,,,96
System-6PARH,System-A152CCTAA01,,,PLATE&FIN ASSY WITH CONNECTOR,,,96
System-6PARH,System-A152GGNAB01,,,PLATE & FIN ASSY,,,96
System-6PARH,System-A152GGNGB01,,,PLATE & FIN ASSY,,,96
System-6PARH,System-A152GGSAA17,,,FIN & PLATE ASSY E/CORE,,,96
System-6PARH,System-A152QAVAA04,,,FIN & PLATE ASSY E/CORE,,,60
System-6PARH,System-A152QBVAB01,,,PLATE & FIN ASSY,,,120
System-6PARH,System-A152TF5AA01,,,FIN & PLATE ASSY-E/CORE,,,120
System-6PARH,System-A152TF5AB01,,,FIN & PLATE ASS'Y-E/CORE,,,120
System-6PARH,System-A152TF5AC01,,,FIN & PLATE ASS'Y-E/CORE,,,120
System-6PARH,System-A152TF5AD01,,,FIN & PLATE ASS'Y-E/CORE,,,120
System-6PARH,System-F152BF1BB01,,,FIN & PLATE ASS'Y,,,60
System-6PARH,System-F152QQVAA08,,,FIN & PLATE ASSY E/CORE,,,120
System-6PARH,System-F152RAXLA02,,,PLATE & FIN ASS'Y-A/C E/CORE,,,60
System-6PARH,System-F152RD3TB01,,,FIN & PLATE ASSY-E/CORE,,,60
System-6PARH,System-F152RK6LA01,,,FIN & PLATE ASSY-E/CORE,,,60
System-6PARH,System-F152TF5AB01,,,FIN & PLATE ASS'Y-E/CORE,,,168
System-6PARH,System-F152TF5AD02,,,FIN & PLATE ASSY-E/CORE,,,168
System-6PARH,System-F152TF7AA01,,,FIN & PLATE ASS'Y-CORE,,,60
System-6PARI,System-R700RZWAA01,,,INTER COOLER ASS'Y,,,6
System-6PARI,System-R700RZWAA02,,,INTERCOOLER ASSY,,,6
System-6PARI,System-R700TF6CA01,,,INTER COOLER ASS'Y,,,1
System-6PARI,System-R750GRAAA01,,,INTER COOLER ASSEMBLY,,,20
System-6PARI,System-R750LYAAA01,,,INTER COOLER ASS'Y,,,30
System-6PARI,System-R750LYABA01,,,Intercooler,,,30
System-6PARI,System-R750MA5CA04,,,CM INTER COOLER,,,40
System-6PARI,System-R750MA5CA05,,,CM INTER COOLER,,,40
System-6PARI,System-R750MA5CA06,,,CM INTER COOLER(2.2),,,40
System-6PARI,System-R750MA5EA01,,,CM INTER COOLER,,,40
System-6PARI,System-R750MA5EA02,,,CM INTER COOLER,,,40
System-6PARI,System-R750TF9CA01,,,INTER COOLER (BT-50),,,1
System-6PARI,System-R750TGCAA03,,,INTERCOOLER  ASS'Y,,,40
System-6PARK,System-R120RK6NA04,,,J97-MU OIL COOLER ASSY,,,12
System-6PARK,System-R120RK6SA02,,,OIL COOLER ASSY EXTERNAL,,,12
System-6PASA,System-R2A4LYACA04,,,RAD & COND ASSY (18.5T DSL),,,20
System-6PASA,System-R2A4LYAEA04,,,RAD & COND ASSY (14t GSL),,,20
System-6PASA,System-R2A4LYAFA04,,,RAD & COND ASSY (14t DSL),,,20
System-6PASA,System-R2A4LYANA04,,,RAD & COND ASSY (25.9t DSL),,,20
System-6PASA,System-R2A4LYAPA04,,,RAD & COND ASSY (14t DSL),,,20
System-6PASB,System-F150DC4LA01,,,CORE COMPLT ASSY-EVAP,,,1
System-6PASB,System-F150LP4CA01,,,CORE COMPLT ASSY-EVAP WITH COATING,,,1
System-6PASB,System-F150RAXAA03,,,CORE COMPLETE ASSY-A/C EVAP.,,,40
System-6PASB,System-F150RAXLA02,,,CORE COMPLETE ASSY-A/C EVAP.,,,40
System-6PASB,System-F150RD3AA01,,,CORE COMPLETE ASS'Y-EVAP,,,40
System-6PASB,System-F150RD3BA02,,,CORE COMPLETE ASS'Y-A/C EVAP,,,120
System-6PASB,System-F150RD3LA01,,,CORE COMPLETE ASS'Y-A/C EVAP,,,120
System-6PASB,System-F150RK6AA01,,,CASE ASSY-A/C EVAP. LOWER,,,120
System-6PASB,System-F150RK6LA01,,,CORE COMPLETE ASSY-A/C TEMP,,,120
System-6PASB,System-F150RK6LC01,,,CORE COMPLETE ASS'Y-A/C EVAP,,,120
System-6PASB,System-F150RM7BA01,,,CORE COMPLETE ASS'Y-A/C EVAP,,,20
System-6PASB,System-F150RM7LA01,,,CORE COMPLETE ASSY-EVAP,,,120
System-6PASB,System-F150RZWAA03,,,CORE COMPLETE ASSY-A/C EVAP.,,,120
System-6PASB,System-F150RZWAA04,,,CORE COMPLETE ASSY-A/C EVAP.,,,120
System-6PASB,System-F150RZWAA05,,,CORE COMPLETE ASSY-A/C EVAP.,,,120
System-6PASB,System-F150RZWAA07,,,CORE COMPLETE ASSY-A/C EVAP.,,,120
System-6PASB,System-F150RZWAA08,,,CORE COMPLETE ASSY-A/C EVAP.,,,120
System-6PASB,System-F150RZWAA09,,,CORE COMPLETE ASSY-A/C EVAP.,,,120
System-6PASB,System-F150RZWLA02,,,CORE COMPLETE ASS'Y-A/C EVAP,,,120
System-6PASB,System-F150RZWLA03,,,CORE COMPLETE ASS'Y-A/C EVAP,,,120
System-6PASB,System-F150RZWLA04,,,CORE COMPLETE ASS'Y-A/C EVAP,,,120
System-6PASB,System-F150RZWLA05,,,CORE COMPLETE ASS'Y-A/C EVAP,,,120
System-6PASB,System-F150RZWMA03,,,CORE COMPLETE ASS'Y-A/C EVAP,,,120
System-6PASB,System-F150RZWMA04,,,CORE COMPLETE ASS'Y-A/C EVAP,,,120
System-6PASB,System-F151RZWAA06,,,CORE ASS'Y-A/C EVAP,,,1
System-6PASB,System-F151RZWLA02,,,CORE ASS'Y-A/C EVAP,,,1
System-6PASB,System-F151RZWMA03,,,CORE ASS'Y-A/C EVAP,,,1
System-6PASD,System-D250DC4LA01,,,HTR CORE & SEAL ASSY,,,60
System-6PASD,System-D250LP4AA01,,,HTR CORE & SEAL ASSY,,,60
System-6PASD,System-D250LP4LA01,,,HTR CORE & SEAL ASSY,,,60
System-6PASD,System-D250RM7LA01,,,HTR CORE & SELA ASS'Y,,,60
System-6PASD,System-D250RZWAA03,,,HEATER CORE & SEAL ASS'Y,,,60
System-6PASD,System-D250RZWAA04,,,HEATER CORE & SEAL ASS'Y,,,60
System-6PASD,System-D250RZWBA03,,,HEATER CORE & SEAL ASS'Y,,,1
System-6PASD,System-D250RZWBA04,,,HEATER CORE & SEAL ASS'Y,,,1
System-6PASD,System-D250RZWLA01,,,HEATER CORE & SEAL ASS'Y,,,1
System-6PASD,System-D250RZWLA02,,,HEATER CORE & SEAL ASS'Y,,,1
System-6PASD,System-D250RZWLA03,,,HEATER CORE & SEAL ASS'Y,,,1
System-6PASD,System-D250RZWLA04,,,HEATER CORE & SEAL ASS'Y,,,1
System-6PASD,System-D251BFWAA05,,,CORE ASSY HEATER,,,1
System-6PAWQ,System-F372TLALB01,,924401HS0A,PIPE COMPL-FR COOLER,,,20
System-6PANC,System-R701GRAAA01,, ,CORE ASSEMBLY,,,20
