NAME,DESCRIPTION,PROD_TYPE,UNIT,DEFAULT_QTY
R701TG6BA10,PLATE ASS'Y- I/COOLER,HALB,EA,40
R701RZWAA03,Plate Ass'y - Inter Cooler,HALB,EA,56
R701TG6AA10,PLATE ASS'Y- I/COOLER,HALB,EA,40
R701TG8AA03,PLATE ASS'Y- I/COOLER,HALB,EA,40
R701TG9CA03,PLATE ASS'Y- I/COOLER,HALB,EA,40
R701TGAAB01,PLATE ASS'Y- I/COOLER,HALB,EA,40
R701TGABA01,PLATE ASS'Y- I/COOLER,HALB,EA,40
D100RZWAB09,HEATER UNIT,FERT,EA,1
F500JQYDA02,COMP & CLUTCH ASSY-A/C,FERT,EA,96
F500JQYDA01,COMP & CLUTCH ASSY-A/C,FERT,EA,96
F153LPCTX01,Evaporator Core and TXV Assembly,FERT,EA,120
R200RMBNA02,RADIATOR ASS'Y-GSL/AT,FERT,EA,1
D440RM7AA01,DIMPLE TUBE-HTR CORE,HALB,EA,2400
D440RZWLA04,DIMPLE TUBE - HTR CORE,HALB,EA,2400
D811LQ9SA01,Side Heat Duct,HALB,EA,10
D811LQ9TA01,Slid Heat Duct,HALB,EA,10
D901LQ9SA02,DUCT-AIR (DN82-61-150A),HALB,EA,60
D901LQ9SB02,DUCT-AIR (DN83-61-150A),HALB,EA,60
D901LQ9TA02,INTAKE DUCT-AIR,HALB,EA,60
D250LPCSX01,HEATER CORE & SEAL ASSY(C346 LHD),HALB,EA,60
D250LPCTX01,HEATER CORE & SEAL ASSY(C346 RHD),HALB,EA,60
D250LQ9QA01,Heater Core Assy,HALB,EA,60
D250LQ9RA01,Heater Core Assy,HALB,EA,60
D250LQ9SA01,HEATER CORE AND SEAL ASSY,HALB,EA,60
D250LQ9TA01,HEATER CORE AND SEAL ASSY,HALB,EA,60
D250LYALA01,HEATER CORE & SEAL ASSY,HALB,EA,120
D250RM7LA01,HTR CORE & SELA ASS'Y,HALB,EA,60
D250RM7TA01,HEATER CORE & SEAL ASSY,FERT,EA,60
D250RZWAA03,HEATER CORE & SEAL ASS'Y,FERT,EA,60
D250RZWAA04,HEATER CORE & SEAL ASS'Y,FERT,EA,60
D250RZWAA05,HEATER CORE & SEAL ASS'Y,HALB,EA,1
D250RZWBA03,HEATER CORE & SEAL ASS'Y,FERT,EA,1
D250RZWBA04,HEATER CORE & SEAL ASS'Y,FERT,EA,1
D250RZWBA05,HEATER CORE & SEAL ASS'Y,HALB,EA,1
D250RZWLA01,HEATER CORE & SEAL ASS'Y,FERT,EA,1
D250RZWLA02,HEATER CORE & SEAL ASS'Y,FERT,EA,1
D250RZWLA03,HEATER CORE & SEAL ASS'Y,FERT,EA,1
D250RZWLA04,HEATER CORE & SEAL ASS'Y,FERT,EA,1
D250RZWLA05,HEATER CORE & SEAL ASS'Y,FERT,EA,1
D250RZWPA03,HEATER CORE & SEAL ASS'Y,FERT,EA,1
D251BFWAA05,CORE ASSY HEATER,HALB,EA,1
D251DC4LA01,CORE ASSY-HTR,HALB,EA,1
D251LP4AA01,CORE ASSY-HTR,HALB,EA,1
D251LP4AA02,CORE ASSY-HTR,HALB,EA,1
D251LP4LA01,CORE ASSY-HTR,HALB,EA,1
D251LP4LA02,CORE ASSY-HTR,HALB,EA,1
D251LPCSX01,Heater Core and Tube Assembly-LHD,HALB,EA,80
D251LPCTX01,Heater Core and Tube Assembly-RHD,HALB,EA,80
D251LYALA01,CORE ASSY-HTR,FERT,EA,120
D251RK6AA01,CORE  ASSY HEATER,HALB,EA,60
D251RK6BA01,CORE  ASSY HEATER,HALB,EA,60
D251RK6LA01,CORE  ASSY HEATER,HALB,EA,60
D251RK6PA01,CORE  ASSY HEATER,HALB,EA,10
D251RM7AA01,CORE ASSY-HTR,HALB,EA,1
D251RM7LA01,CORE ASSY-HTR,HALB,EA,1
D251RZWAA03,HEATER CORE ASS'Y,FERT,EA,1
D251RZWAA04,HEATER CORE ASS'Y,FERT,EA,1
D250LP4LA02,HEATER CORE & SEAL ASSY,HALB,EA,60
D251RZWAA05,HEATER CORE ASS'Y,FERT,EA,1
D251RZWAA06,HEATER CORE ASS'Y,HALB,EA,1
D251RZWBA03,HEATER CORE ASS'Y,FERT,EA,1
D251RZWBA04,HEATER CORE ASS'Y,FERT,EA,1
D251RZWLA01,HEATER CORE ASS'Y,FERT,EA,1
D251RZWLA04,HEATER CORE ASS'Y,FERT,EA,1
D251RZWLA05,HEATER CORE ASS'Y,FERT,EA,1
D251RZWLA06,HEATER CORE ASS'Y,FERT,EA,1
C322RZWMA03,PANEL-CONT,HALB,EA,50
C322RZWMB01,PANEL-CONT-J97P/T,HALB,EA,50
C337RD3BA01,CONTROL ASS'Y-REAR A/C,FERT,EA,1
C365RZWLA01,PANEL ASS'Y,FERT,EA,1
C800RD3AA01,CONTROL ASS'Y,FERT,EA,1
C800RD3AB01,CONTROL ASS'Y,FERT,EA,1
C800RD3LA01,CONTROL ASS'Y,FERT,EA,1
C800RD3LB02,CONTROL ASS'Y UNIT,FERT,EA,1
C800RD3MA02,CONTROL ASS'Y-HEATER,FERT,EA,1
C800RZWAA04,CONTROL UNIT (LHD),FERT,EA,1
C800RZWAB05,CONTROL UNIT-MANUAL,FERT,EA,1
C800RZWLA04,CONTROL UNIT-MANUAL,FERT,EA,1
C800RZWLB06,CONTROL ASS'Y,FERT,EA,1
C800RZWMA03,CONTROL UNIT-MANUAL,FERT,EA,1
C800RZWMB01,CONTROL UNIT-J97P/T,FERT,EA,1
COI1BFWAA01,PIPE,HALB,EA,10
COI1LP4AA01,COND PIPE INLET/PIPE B,HALB,EA,200
COI1RM7AA01,COND.PIPE INLET,HALB,EA,60
COI1RZWLA01,PIPE,HALB,EA,100
COO1BFWAA01,PIPE,HALB,EA,10
COO1RM7AA01,COND.PIPE OUTLET,HALB,EA,100
COO1RM7AB01,COND.PIPE OUTLET,HALB,EA,10
COO1RZWLA01,PIPE,HALB,EA,200
D100RK6AA02,HEATER UNIT ASSY,FERT,EA,2
D100RK6BA02,HEATER UNIT ASSY,FERT,EA,2
D100RK6LA02,HEATER UNIT ASSY,FERT,EA,2
D100RK6PA02,HEATER UNIT ASSY,FERT,EA,2
D100RZWAA12,HEATER UNIT,FERT,EA,2
D100RZWAB10,HEATER UNIT,FERT,EA,2
D100RZWBA12,HEATER UNIT,FERT,EA,2
C322RZWLA04,PANEL-CONT,HALB,EA,50
D100RZWLA11,HEATER UNIT,FERT,EA,2
D100RZWLB10,HEATER UNIT,FERT,EA,2
D100RZWPA11,HEATER UNIT,FERT,EA,2
D102RZWAA04,CASE-HEATER LEFT,HALB,EA,1
D102RZWLA04,CASE-HEATER LEFT,HALB,EA,400
D102RZWLB04,CASE-HEATER LEFT,HALB,EA,400
D102RZWMA04,CASE-LEFT DUCT,HALB,EA,10
D104RZWAA05,CASE-HEATER RIGHT,HALB,EA,400
D104RZWBA05,CASE-HEATER RIGHT,HALB,EA,400
D104RZWLA05,CASE-HEATER RIGHT,HALB,EA,400
D104RZWMA04,CASE-RIGHT DUCT,HALB,EA,10
D108RZWAA05,CASE-HEATER LOWER,HALB,EA,400
D108RZWLA06,CASE-HEATER LOWER,HALB,EA,400
D250DC4LA01,HTR CORE & SEAL ASSY,HALB,EA,60
D250LP4AA01,HTR CORE & SEAL ASSY,FERT,EA,60
D250LP4AA02,HEATER CORE & SEAL ASSY,HALB,EA,60
D250LP4LA01,HTR CORE & SEAL ASSY,FERT,EA,60
A156RZWLA01,FIN-A/C EVA CORE(J97A),HALB,EA,80
A158RZWLA01,END PLATE-A/C EVAP CORE,HALB,EA,50
A771AKYAB03,CUP BOTH/B/PLATE-A/C,HALB,EA,50
A771KBXAA01,REF PLATE (A)-A/C E/CORE (NO CUP BLANK),HALB,EA,100
A771LYAAA01,PLATE (A)-E/CORE REF-BLANK,HALB,EA,100
A771RZWLA01,REF PLATE(A) - A/C E/CORE (NOCUP-BLANK),HALB,EA,50
A851CB5BA01,CUP TRANS,HALB,EA,10
A851LP4AA01,TRANSFER PLATE -A/C E/CORE,HALB,EA,50
C301RD3MA01,HOUSING ASS'Y,HALB,EA,50
C301RZWLA01,HOUSING ASS'Y,HALB,EA,50
C302RD3MA02,HOUSING (BASE),HALB,EA,50
C302RZWLA06,HOUSING-CONT,HALB,EA,50
C302RZWMA05,HOUSING-CONT,HALB,EA,50
C302RZWMB01,HOUSING-CONT-J97P/T,HALB,EA,50
C322RD3SL01,Panel C322RD3LA without painting,HALB,EA,50
C322RD3SV01,Panel C322RD3MA02 without painting,HALB,EA,50
A143BBJAB01,END-ASSY (Y),HALB,EA,50
A143CCKAB01,END-ASSY (X),HALB,EA,50
A152AZPBB01,PLATE & FIN ASSY,FERT,EA,20
A152AZPBD01,PLATE & FIN ASSY,FERT,EA,90
A152BBJAB01,PLATE & FIN ASSY,FERT,EA,96
A152BBJLB01,PLATE & FIN ASSY,FERT,EA,96
A152CCKAB01,PLATE&FIN ASSY WITH CONNECTOR,FERT,EA,96
A152CCKLB01,PLATE & FIN ASSY,FERT,EA,96
A152CCTAA01,PLATE&FIN ASSY WITH CONNECTOR,FERT,EA,96
A152GGNAB01,PLATE & FIN ASSY,FERT,EA,96
A152GGNGB01,PLATE & FIN ASSY,FERT,EA,96
A152GGSAA17,FIN & PLATE ASSY E/CORE,FERT,EA,96
A152QAVAA04,FIN & PLATE ASSY E/CORE,FERT,EA,60
A152QBVAB01,PLATE & FIN ASSY,FERT,EA,60
A152TF5AA01,FIN & PLATE ASSY-E/CORE,FERT,EA,20
A152TF5AB01,FIN & PLATE ASS'Y-E/CORE,FERT,EA,60
A152TF5AC01,FIN & PLATE ASS'Y-E/CORE,FERT,EA,60
A152TF5AD01,FIN & PLATE ASS'Y-E/CORE,FERT,EA,60
A153KBXAA02,REF. PLATE-A/C E/CORE (NO CUP),HALB,EA,100
A153RZWLA01,REF. PLATE-A/CON E/CORE(NO CUP),HALB,EA,50
A154AKYAB03,Cup Plate-A/C Evap. Core Ref.,HALB,EA,50
A154CB5BA01,CUP PLATE,HALB,EA,100
A154KBXAA02,PLATE-A/C E/CORE (CUP),HALB,EA,100
A154RZWLA01,REF. PLATE-A/C E/CORE(CUP),HALB,EA,50
A155KBXBB01,PLATE-A/C E-CORE (CUP BLANK),HALB,EA,100
A155LYAAA01,PLATE-E/CORE REF(BLANK),HALB,EA,100
A155RZWLA01,REF. PLATE-A/C E/CORE(CUP BLANK),HALB,EA,50
A156BBJAB01,Fin-A/C Evap. Core(2-Tank),HALB,EA,80
A156KBXAB01,FIN EVAP CORE,HALB,EA,80
A156KBXAB02,FIN-A/C E/CORE,HALB,EA,80
F101RAXAA04,EVAP. UNIT ASS'Y-A/CON,FERT,EA,2
F101RAXLA04,EVAP. UNIT ASS'Y-A/CON,FERT,EA,2
F101RD3AA01,COOLING UNIT ASS'Y,FERT,EA,2
F101RD3AB01,COOLING UNIT ASS'Y,FERT,EA,2
DCPYPBLA02,Pipe Assembly-Comp.,HALB,EA,100
F101RD3LA03,EVAP UNIT-A/C,FERT,EA,2
F101RD3LB01,COOLING UNIT ASS'Y,FERT,EA,2
F101RD3MA01,EVAP. UNIT ASS'Y-A/CON,FERT,EA,2
F101RK6AA01,COOLING UNIT ASSY,FERT,EA,2
F101RK6AB01,COOLING UNIT ASS'Y,FERT,EA,2
F101RK6AC01,COOLING UNIT,FERT,EA,2
F101RK6AD01,COOLING UNIT ASS'Y,FERT,EA,2
F101RK6LA03,COOLING UNIT,FERT,EA,2
F101RK6LB01,COOLING UNIT ASSY (RHD),FERT,EA,2
F101RK6LC01,COOLING UNIT,FERT,EA,2
F101RK6LD01,COOLING UNIT ASS'Y,FERT,EA,2
F101RK6LE01,COOLING UNIT ASS'Y,FERT,EA,2
D911LQ9TA01,Slide Heat Duct Assy,HALB,EA,2
DCN1RAXLA01,PIPE - CONDESER(B),HALB,EA,70
DCN1RAXMA01,PIPE - CONDESER(B),HALB,EA,70
DCN1RD3AA01,PIPE-CONDENSER(B),HALB,EA,70
DCN1RD3LA01,PIPE-CONDENSER(B),HALB,EA,70
DCN1RD3MA01,PIPE-CONDENSER(B),HALB,EA,70
DCN1TC6BA01,PIPE ASSEMBLY-COND,HALB,EA,60
DCN1TC6CA01,PIPE ASSEMBLY-COND,HALB,EA,60
DCN1TC6LA01,PIPE ASSEMBLY-COND,HALB,EA,200
DCN1TC6LB02,PIPE ASSEMBLY-COND,HALB,EA,100
DCN1TE7AA01,PIPE ASSEMBLY-COND,HALB,EA,120
DCN1TE7AA02,PIPE ASSEMBLY-COND,HALB,EA,100
DCN1TE7LA01,PIPE ASSEMBLY-COND,HALB,EA,60
DCN1TE7LA02,PIPE ASSEMBLY-COND,HALB,EA,100
DCN1TH7LA01,PIPE (B)-CONDENSER,HALB,EA,48
DCN1TH7LB01,PIPE (B)-CONDENSER,HALB,EA,48
DCN1TIBLA01,Pipe Assembly-Cond.,HALB,EA,100
DCN1TIBLB01,Pipe Assembly-Cond.,HALB,EA,100
DCNLPCXA01,Pipe (B)-Condenser,HALB,EA,100
DCNLPCXB02,Pipe (B)-Condenser,HALB,EA,100
DCNLPCXC02,Pipe (B)-Condenser,HALB,EA,100
DCNLPCXD02,Pipe (B)-Condenser,HALB,EA,100
DCNTIBLA01,Pipe Assembly-Cond.,HALB,EA,100
DCNYPBLA02,Pipe Assembly-Comp.,HALB,EA,100
DCP1LPCXA01,Pipe (A)-Compressor,HALB,EA,100
DCP1RAXLA01,PIPE - COMPRESSOR,HALB,EA,70
DCP1RAXMA01,PIPE - COMPRESSOR,HALB,EA,70
DCP1RD3AA01,PIPE-COMPRESSOR(A),HALB,EA,70
DCP1RD3LA01,PIPE-COMPRESSOR(A),HALB,EA,70
DCP1RD3MA01,PIPE-COMPRESSOR(A),HALB,EA,70
DCP1TC6BA01,PIPE ASSEMBLY-COMP,HALB,EA,60
DCP1TC6CA01,PIPE ASSEMBLY-COMP,HALB,EA,60
DCP1TC6LA01,PIPE ASSEMBLY-COMP,HALB,EA,200
DCP1TC6LB02,PIPE ASSEMBLY-COMP,HALB,EA,100
DCP1TE7AA01,PIPE ASSEMBLY-COMP,HALB,EA,120
DCP1TE7AA02,PIPE ASSEMBLY-COMP,HALB,EA,100
DCP1TE7LA01,PIPE ASSEMBLY-COMP,HALB,EA,120
DCP1TE7LA02,PIPE ASSEMBLY-COMP,HALB,EA,100
DCP1TH7LA01,PIPE (A)-COMPRESSOR,HALB,EA,48
D911LQ9SA01,SIDE HEATER DUCT,HALB,EA,10
DCP1TH7LB01,PIPE (A)-COMPRESSOR,HALB,EA,48
DCP1TIBLA01,Pipe Assembly-Comp.,HALB,EA,100
DCP1TIBLB01,Pipe Assembly-Comp.,HALB,EA,100
DCPLPCXA01,Pipe (A)-Compressor,HALB,EA,100
DCPLPCXB02,Pipe (A)-Compressor,HALB,EA,100
DCPLPCXC02,Pipe (A)-Compressor,HALB,EA,100
DCPLPCXD02,Pipe (A)-Compressor,HALB,EA,100
D252ACWAA03,CORE ASSY HEATER,HALB,EA,360
D252GGXAA05,CORE ASSY HEATER,HALB,EA,360
D252LP4AA01,CORE PART HTR,HALB,EA,360
D252LYAAA01,CORE PART HTR,HALB,EA,80
D252QQVAA01,CORE ASS'Y-HTR,HALB,EA,162
D252QQVAA05,CORE ASSY HEATER,HALB,EA,162
D252RK6AA01,CORE PART-HTR,HALB,EA,80
D252RM7AA01,CORE PART-HTR,HALB,EA,60
D252VVRAA08,CORE ASSY HEATER,HALB,EA,162
D254LP4AA01,FIN-HTR CORE-C1,HALB,EA,80
D254LYAAA01,FIN-HTR CORE,HALB,EA,80
D254RK6AA01,FIN-HEATER CORE,HALB,EA,540
D254RM7AA01,FIN-HEATER CORE,HALB,EA,80
D254RZWLA01,FIN-HTR CORE,HALB,EA,10
D254RZWLA02,FIN-HTR CORE,HALB,EA,19
D258LP4AA01,TANK ASSSY-H/CORE IN/OUT,HALB,EA,50
D258RZWAA03,TANK ASSY-HTR CORE IN/OUTLET,FERT,EA,50
D258RZWAA04,TANK ASSY-HTR CORE IN/OUTLET,HALB,EA,60
D258RZWBA03,TANK ASSY-HTR CORE IN/OUTLET,HALB,EA,50
D258RZWLA03,TANK ASSY-HTR CORE IN/OUTLET,FERT,EA,50
D258RZWLA04,TANK ASSY-HTR CORE IN/OUTLET,FERT,EA,60
D258RZWPA04,TANK ASSY-HTR CORE IN/OUTLET,FERT,EA,50
D300RAXLA03,BLOWER UNIT ASS'Y - J39,FERT,EA,2
D300RD3LA02,BLOWER UNIT ASS'Y,FERT,EA,2
D300RK6AA04,BLOWR UNIT,FERT,EA,2
D300RK6AB04,BLOWR UNIT,FERT,EA,2
D300RK6LA04,BLOWR UNIT,FERT,EA,2
D300RK6LB02,BLOWER UNIT,FERT,EA,2
D300RK6LC01,BLOWER UNIT,FERT,EA,2
D300RZWAA08,BLOWER UNIT,FERT,EA,2
D300RZWLA08,BLOWER UNIT ASSY,FERT,EA,2
D300RZWLT01,BLOWER UNIT ASS'Y-A/C,FERT,EA,2
D300RZWMA07,BLOWER UNIT ASS'Y - A/C,FERT,EA,2
D300TC6LA02,BLOWER UNIT ASS'Y,FERT,EA,2
D302RAXLA04,CASE-A/C BLWR LEFT - J39,HALB,EA,50
D304RAXLA03,CASE-A/C BLWR RIGHT- J39,HALB,EA,50
D304RAXLA04,CASE-A/C BLWR RIGHT- J39,HALB,EA,50
D417LYAAA01,CORE &TANK ASSY-HTR,FERT,EA,400
D417RK6AA01,Core & Tank Ass'y-HTR,HALB,EA,60
D251RZWPA05,HEATER CORE ASS'Y,FERT,EA,1
F152TF5AA01,FIN & PLATE ASS'Y-E/CORE,FERT,EA,60
F152TF5AA02,FIN & PLATE ASSY-E/CORE,FERT,EA,60
F152TF5AB01,FIN & PLATE ASS'Y-E/CORE,FERT,EA,60
F152TF5AB02,FIN & PLATE ASSY-E/CORE,FERT,EA,60
F152TF5AC01,FIN & PLATE ASS'Y-E/CORE,FERT,EA,60
F152TF5AD01,FIN & PLATE ASS'Y-E/CORE,FERT,EA,60
F152TF5AD02,FIN & PLATE ASSY-E/CORE,FERT,EA,60
F152TF5AE01,FIN & PLATE ASS'Y-E/CORE,FERT,EA,60
F152TF5AF01,FIN & PLATE ASS'Y-E/CORE,FERT,EA,60
F152TF5AI01,FIN & PLATE ASSY-E/CORE,FERT,EA,60
F152TF5AJ01,FIN AND PLATE ASS'Y-E/CORE,FERT,EA,60
F152TF5BA01,FIN & PLATE ASS'Y-E/CORE,FERT,EA,60
F152TF5BB01,FIN & PLATE ASS'Y-E/CORE,FERT,EA,60
F152TF5BC01,FIN & PLATE ASS'Y-E/CORE,FERT,EA,60
F152TF5BD01,FIN & PLATE ASS'Y-E/CORE,FERT,EA,60
F152TF5BE01,FIN & PLATE ASS'Y-E/CORE,FERT,EA,60
F152TF5BF01,FIN & PLATE ASS'Y-E/CORE,FERT,EA,60
F152TF5BG01,FIN & PLATE ASS'Y-E/CORE,FERT,EA,60
F152TF5BH01,FIN & PLATE ASS'Y-E/CORE,FERT,EA,60
F152TF5BI01,FIN & PLATE ASSY-E CORE,FERT,EA,60
F152TF5CA01,FIN & PLATE ASS'Y-E/CORE,FERT,EA,60
F152TF5CB01,FIN & PLATE ASS'Y-E/CORE,FERT,EA,60
F152TF6AA01,FIN & PLATE ASS'Y E/CORE,FERT,EA,60
F152LP4AA01,FIN & PLATE ASSY-E/CORE,HALB,EA,120
F152TF7AA01,FIN & PLATE ASS'Y-CORE,FERT,EA,20
F152TF7AE01,FIN & PLATE ASS'Y-E/CORE,FERT,EA,20
F153LPCSX01,Evaporator Core and TXV Assembly,HALB,EA,120
F156AKYAB01,FIN-EVAP CORE,HALB,EA,150
F156CB5BB01,FIN - EVAP CORE,HALB,EA,80
F156LP4AA01,FIN-EVAP CORE,HALB,EA,80
F140RM7AB01,COND SUB ASS'Y,HALB,EA,1
F150RM7TB01,EVAP CORE ASSY,FERT,EA,20
F150RM7TC01,EVAP CORE ASSY,FERT,EA,1
F150RZWAA03,CORE COMPLETE ASSY-A/C EVAP.,FERT,EA,120
F150RZWAA04,CORE COMPLETE ASSY-A/C EVAP.,FERT,EA,120
F150RZWAA05,CORE COMPLETE ASSY-A/C EVAP.,FERT,EA,120
F150RZWAA07,CORE COMPLETE ASSY-A/C EVAP.,FERT,EA,120
F150RZWAA08,CORE COMPLETE ASSY-A/C EVAP.,FERT,EA,120
F150RZWAA09,CORE COMPLETE ASSY-A/C EVAP.,FERT,EA,120
F150RZWLA02,CORE COMPLETE ASS'Y-A/C EVAP,FERT,EA,120
F150RZWLA03,CORE COMPLETE ASS'Y-A/C EVAP,FERT,EA,120
F150RZWLA04,CORE COMPLETE ASS'Y-A/C EVAP,FERT,EA,120
F150RZWLA05,CORE COMPLETE ASS'Y-A/C EVAP,FERT,EA,120
F124LQ9TA07,HEATER UNIT (DN20-61130-G),FERT,EA,1
F124LQ9UA07,HEATER UNIT (DN69-61130-G),FERT,EA,1
F124LQ9UB06,HEATER UNIT (DN21-61130-F),FERT,EA,1
F124LQ9YA07,HEATER UNIT (DL33-61130-F),FERT,EA,1
F124LYAAA06,EVAP & BLW ASSY A/C,FERT,EA,9
F124LYAAB06,BWR & EVAP &HTR UNIT,FERT,EA,9
F124LYAAC04,EVAP & BLW ASSY A/C,FERT,EA,9
F124LYAAD06,EVAP & BLW ASSY A/C,FERT,EA,9
F124LYAAE06,EVAP & BLW ASSY A/C,FERT,EA,9
F124LYABA03,EVAP & BLW ASSY A/C,FERT,EA,9
F124LYABB01,EVAP & BLW ASSY A/C,FERT,EA,9
F124LYABC03,EVAP & BLW ASSY A/C,FERT,EA,9
F124LYALA06,EVAP & BLW ASSY A/C,FERT,EA,9
F124LYALB06,EVAP & BLW ASSY A/C,FERT,EA,12
F124LYALC04,EVAP & BLW ASSY A/C,FERT,EA,9
F124LYALD06,EVAP & BLW ASSY A/C,FERT,EA,9
F124LYALE06,EVAP & BLW ASSY A/C,FERT,EA,9
F124RM7LA06,MODULE ASM-HTR & A/C EVPR & BLO(DIESEL M,FERT,EA,1
F124RM7LB06,MODULE ASM-HTR & A/C EVPR & BLO(DIESEL A,FERT,EA,1
F124RM7LC02,MODULE ASM-HTR & A/C EVPR & BLO(DIESEL M,FERT,EA,1
F124RM7LD02,MODULE ASM-HTR & A/C EVPR & BLO(DIESEL A,FERT,EA,1
F124RM7LE02,BLOWER & EVAP HEATER UNIT,FERT,EA,1
F124RM7LF02,BLOWER & EVAP HEATER UNIT,FERT,EA,1
F124RMBLD01,BWR& EVA&HTR UNIT (92262061),FERT,EA,1
F139RD3LA04,PIPE SUCTION ASSY,HALB,EA,25
F139TC6AA01,SUC PIPE ASS'Y,HALB,EA,50
F139TC6BA01,SUC PIPE ASS'Y,HALB,EA,50
F139TC6CA01,SUC PIPE ASS'Y,HALB,EA,20
F139TC6LA01,SUC PIPE ASSY,HALB,EA,25
F139TC6LB02,PIPE-COOLER, R #5,HALB,EA,25
F139TE7AA02,SUC PIPE-ASS'Y,FERT,EA,10
F139TE7AC01,SUC PIPE ASS'Y,FERT,EA,20
F139TE7AC02,SUC PIPE ASS'Y,FERT,EA,30
F139TE7LA04,SUC PIPE-ASS'Y,FERT,EA,20
F139TE7LC02,SUC PIPE ASS'Y,FERT,EA,30
F139TE7SA01,SUC- PIPE ASS'Y,FERT,EA,60
F139TE7SL01,PIPE FRONT COOLER LOW,FERT,EA,60
F139TIBLA01,PIPE COMP FR COOLER LOW,FERT,EA,15
F140DC4AA01,CONDENSER SUB ASS'Y,HALB,EA,30
F140LP4AA01,COND SUB ASSY,HALB,EA,20
F124LQ9SB06,HEATER UNIT (DN83-61130-F),FERT,EA,1
F140LQ9QA02,COND SUB ASSY,HALB,EA,20
F140LQ9RA01,COND SUB ASSY,HALB,EA,40
F140LQCTA01,COND SUB ASSY,HALB,EA,40
F140LYALA02,COND SUB ASSY,HALB,EA,40
F140RAXAA04,COND. SUB ASS'Y-A/CON,HALB,EA,5
F140RM7AA01,COND SUB ASS'Y,HALB,EA,20
F101RZWAA11,COOLING UNIT,FERT,EA,2
F101RZWAB10,COOLING UNIT,FERT,EA,2
F101RZWLA07,COOLING UNIT,FERT,EA,2
F101RZWLB09,COOLIING UNIT,FERT,EA,2
F101RZWMA08,COOLING UNIT,FERT,EA,2
F103RAXAA06,CASE-A/C EVAP. UPPER,HALB,EA,1
F103RAXLA05,CASE-A/C EVAP. UPPER,HALB,EA,1
F123BF1LA01,EVAP & BLOWER UNIT,FERT,EA,1
F123PA4LA01,BLOWER & EVAP UNIT,FERT,EA,1
F124DC4MA03,BWR & EVAP & HTR UNIT,FERT,EA,1
F124LP4AA10,BWR & EVAP & HTR UNIT,FERT,EA,1
F124LP4AB10,BWR & EVAP & HTR UNIT,FERT,EA,1
F124LP4AC03,BWR & EVAP & HTR UNIT,FERT,EA,1
F124LP4AD03,BWR & EVAP & HTR UNIT,FERT,EA,1
F124LP4AE04,BWR & EVAP & HTR UNIT 5M5119B555VD,FERT,EA,1
F124LP4AF01,BWR & EVAP & HTR UNIT,FERT,EA,1
F124LP4BA06,BWR & EVAP & HTR UNIT,FERT,EA,1
F124LP4BB04,BWR & EVAP & HTR UNIT,FERT,EA,1
F124LP4CA08,BWR & EVAP & HTR UNIT,FERT,EA,1
F124LP4CB03,BWR & EVAP & HTR UNIT 5M5119B555UC,FERT,EA,1
F124LP4DA03,BWR & EVAP & HTR UNIT,FERT,EA,1
F124LP4LA10,BWR & EVAP & HTR UNIT,FERT,EA,1
F124LP4LB10,BWR & EVAP & HTR UNIT,FERT,EA,1
F124LP4LC08,BWR & EVAP & HTR UNIT,FERT,EA,1
F124LP4LD08,BWR & EVAP & HTR UNIT,FERT,EA,1
F124LP4MA06,BWR & EVAP & HTR UNIT,FERT,EA,1
F124LP4NA08,BWR & EVAP & HTR UNIT,FERT,EA,1
F124LP4NB06,BWR & EVAP & HTR UNIT,FERT,EA,1
F124LP4NC06,BWR & EVAP & HTR UNIT,FERT,EA,1
F124LP4PA04,BWR & EVAP & HTR UNIT,FERT,EA,1
F124LPCPA03,HEATER & A/C ASSEMBLY _RHD MNL-A/C 
TAX,FERT,EA,1
F124LPCPB03,HEATER & A/C ASSEMBLY _DEATC RHD _TAX,FERT,EA,1
F124LPCSA03,HEATER & A/C ASSEMBLY _LHD - MNL-A/C,FERT,EA,1
F124LPCSB03,HEATER & A/C ASSEMBLY _LHD - DEATC,FERT,EA,1
F124LPCTA04,HEATER & A/C ASSEMBLY _RHD - MNL-A/C,FERT,EA,1
F124LPCTB04,HEATER & A/C ASSEMBLY _RHD - DEATC,FERT,EA,1
F124LPCUB03,Heater And A/C Assembly (Manual A/C RHD,FERT,EA,1
F124LQ9PA01,HEATER UNIT (AV59-19B555-DB),FERT,EA,1
F124LQ9PB01,HEATER UNIT (AV59-19B555-EB),FERT,EA,1
F101RK6LF01,COOLING UNIT ASS'Y,FERT,EA,2
F124LQ9QA01,HEATER UNIT (DN28-61-130),FERT,EA,1
F124LQ9QB01,HEATER UNIT (DA4S61130),FERT,EA,1
F124LQ9QB02,HEATER UNIT (DA4S61130),FERT,EA,1
F124LQ9RA01,HEATER UNIT DV5 MANUAL,FERT,EA,1
F124LQ9RB01,HEATER UNIT DV6 AUTO,FERT,EA,1
F124LQ9SA07,HEATER UNIT (DN82-61130-G) LHD/MNL,FERT,EA,1
DCPYPBLB02,Pipe Assembly-Comp.,HALB,EA,100
E104LQ9SA01,SIDE HEAT DUCT ASSY,FERT,EA,10
E104LQ9TA01,SIDE HEAT DUCT ASSY,FERT,EA,10
E105LQ9SA01,SIDE HEAT DUCT ASSY,FERT,EA,10
E105LQ9TA01,SIDE HEAT DUCT ASSY,FERT,EA,10
E114LQ9SA01,Side Heat Duct,HALB,EA,50
E114LQ9TA01,Side Heat Duct,HALB,EA,50
E115LQ9SA01,Side Heat Duct,HALB,EA,10
E115LQ9TA01,Side Heat Duct,HALB,EA,50
E124LQ9SA01,Side Heat Duct,HALB,EA,50
E124LQ9TA01,Side Heat Duct,HALB,EA,50
E125LQ9SA01,Side Heat Duct,HALB,EA,50
E125LQ9TA01,Side Heat Duct,HALB,EA,50
EDP1RD3BA01,PIPE OD 16.0*1.2T,HALB,EA,100
EDP1RK6AA01,PIPE INLET,HALB,EA,200
EDP1RK6AC01,PIPE INLET,HALB,EA,200
EDP1RK6LA03,EVAP D/P IN,HALB,EA,200
EDP1RK6LC01,PIPE INLET,HALB,EA,60
EDP2RD3BA01,PIPE OD 8.0*1.0T,HALB,EA,100
EDP2RK6AA01,PIPE INLET,HALB,EA,60
EDP2RK6AC01,PIPE OUTLET,HALB,EA,200
EDP2RK6LA03,EVAP D/P OUT,HALB,EA,200
EDP2RK6LC01,PIPE OUTLET,HALB,EA,200
EVI1RD3BA01,PIPE OD 12.0*1.2T,HALB,EA,60
EVI1RK6AA01,PIPE INLET,HALB,EA,60
EVI1RK6LA03,EVAP PIPE IN,HALB,EA,200
EVI1RZWLA01,PIPE,HALB,EA,200
EVO1RAXAA01,PIPE,HALB,EA,100
EVO1RD3LA01,PIPE,HALB,EA,100
EVX1RAXAA01,PIPE,HALB,EA,200
EVX1RD3LA01,PIPE,HALB,EA,200
F150RZWMA04,CORE COMPLETE ASS'Y-A/C EVAP,FERT,EA,120
F151BF1LA01,CORE ASS'Y-A/C EVAP,HALB,EA,54
F151BFWAB02,CORE ASSY-A/C EVAP,HALB,EA,54
F151DC4LA01,CORE ASSY-EVAP,HALB,EA,60
F151LP4TA01,Fin & Plate Ass'y-E/Core (For China,HALB,EA,120
F151LQ9TA01,Evaporatpr Ass'y,HALB,EA,1
F151LQ9TS01,Evaporatpr Ass'y,HALB,EA,120
F151LYALA01,CORE ASSY-EVAP,FERT,EA,120
F151PA4LA01,CORE ASSY-EVAP,HALB,EA,1
F151QQVLA04,CORE ASSY EVAP,HALB,EA,60
F151RAXAA04,CORE ASS'Y-A/C EVAP,FERT,EA,54
F151RAXLA03,CORE ASS'Y-A/C EVAP,FERT,EA,1
F151RD3AA01,CORE ASS'Y-A/C-EVAP,HALB,EA,54
F151RD3BA02,CORE ASS'Y-A/C EVAP,HALB,EA,60
F151RD3LA03,CORE ASS'Y-A/C EVAP,HALB,EA,54
F151RK6AA01,COER ASSY-A/C EVAP,HALB,EA,1
F151RK6LA01,CORE ASSY-A/C EVAP,HALB,EA,1
F151RM7BA01,CORE ASSY-A/C EVAP,HALB,EA,54
F151RZWAA06,CORE ASS'Y-A/C EVAP,HALB,EA,1
F151RZWAA07,CORE ASS'Y-A/C EVAP,HALB,EA,54
F151RZWAA08,CORE ASS'Y-A/C EVAP,FERT,EA,1
F151RZWLA02,CORE ASS'Y-A/C EVAP,HALB,EA,1
F151RZWLA04,CORE ASS'Y-A/C EVAP,HALB,EA,1
F151RZWMA03,CORE ASS'Y-A/C EVAP,HALB,EA,1
F151RZWMA03FF,CORE ASS'Y-A/C EVAP WLD,HALB,EA,1
F151RZWMA04,CORE ASS'Y-A/C EVAP,HALB,EA,1
F151SC8AA01,EVAPORATOR CORE 60T,HALB,EA,84
F152ACWLA04,FIN & PLATE ASSY-E/CORE,HALB,EA,20
F152AKYAA09,FIN & PLATE ASSY-E/CORE,HALB,EA,60
F152AKYAA10,FIN & PLATE ASSY-E/CORE,HALB,EA,252
F152AZVBB01,Plate & Fin Assembly,FERT,EA,60
F152AZVBC01,PLATE & FIN ASSY,FERT,EA,60
F152AZVBG01,PLATE & FIN ASSY,FERT,EA,60
F152AZWBE01,PLATE & FIN ASS'Y 17 FIN,FERT,EA,1
F152BBWAA05,FIN & PLATE ASSY E/CORE,FERT,EA,100
F152BBWLA05,FIN & PLATE ASSY E/CORE,FERT,EA,35
F152BF1BB01,FIN & PLATE ASS'Y,HALB,EA,60
F152DC4AA01,FIN & PLATE ASSY-E/CORE,HALB,EA,60
F152DC4AA02,FIN & PLATE ASSY-E/CORE,HALB,EA,60
F152EA4AA02,FIN & PLATE ASSY-E/CORE,FERT,EA,84
F150RZWMA03,CORE COMPLETE ASS'Y-A/C EVAP,FERT,EA,120
F152EA4RA02,FIN & PLATE ASSY-E/CORE,FERT,EA,140
F152GGXAA05,FIN & PLATE ASSY E/CORE,FERT,EA,35
F152HHXAB02,FIN & PLATE ASSY-E/CORE,FERT,EA,140
F152KBXAA04,FIN & PLATE ASSY E/CORE,FERT,EA,35
F152KF2AA06,FIN & PLATE ASSY-E/CORE,FERT,EA,20
F152KS2LA02,FIN & PLATE ASSY-E/CORE,FERT,EA,20
F140RZWLA01,COND. SUB ASS'Y-A/CON,HALB,EA,20
F140RZWLA02,COND. SUB ASS'Y-A/CON,HALB,EA,20
F140RZWLB01,CONDENSER SUB ASS'Y,FERT,EA,30
F148LP4AA01,EVAP & PIPE COMPLT ASSY,FERT,EA,1
F148LP4LA01,EVAP & PIPE COMPLT ASSY,FERT,EA,1
F150BF1BB02,CORE COMPLETE ASSY EVAP,HALB,EA,120
F150BF1LA01,CORE COMPLETE ASSY EVAP,HALB,EA,120
F150DC4LA01,CORE COMPLT ASSY-EVAP,HALB,EA,1
F150LP4AA01,CORE COMPLT ASSY-EVAP,FERT,EA,60
F150LP4AA02,CORE COMPLT. ASSY-EVAP,HALB,EA,120
F150LP4CA01,CORE COMPLT ASSY-EVAP WITH COATING,FERT,EA,1
F150LP4TA01,CORE COMPLT. ASSY-EVAP,FERT,EA,120
F150LQ9TS01,Evaporatpr Ass'y with sensor_RHD,FERT,EA,10
F150LYALA01,CORE COMPLT ASSY-EVAP,HALB,EA,120
F150PA4LA01,CORE COMPLETE ASSY-EVAP,FERT,EA,10
F150QQVLA06,CORE COMPLT ASSY EVAP,HALB,EA,40
F150RAXAA03,CORE COMPLETE ASSY-A/C EVAP.,FERT,EA,40
F150RAXLA02,CORE COMPLETE ASSY-A/C EVAP.,FERT,EA,40
F150RD3AA01,CORE COMPLETE ASS'Y-EVAP,HALB,EA,40
F150RD3BA02,CORE COMPLETE ASS'Y-A/C EVAP,HALB,EA,120
F150RD3BA03,CORE COMPLETE ASS'Y-A/C EVAP,FERT,EA,1
F150RD3LA01,CORE COMPLETE ASS'Y-A/C EVAP,HALB,EA,120
F150RK6AA01,CASE ASSY-A/C EVAP. LOWER,HALB,EA,120
F150RK6AC01,CORE COMPLETE ASS'Y-A/C EVAP,HALB,EA,60
F150RK6BA01,CORE COMPLETE ASS'Y-A/C EVAP,HALB,EA,60
F150RK6LA01,CORE COMPLETE ASSY-A/C TEMP,HALB,EA,120
F150RK6LA02,EVAP CORE ASSY,HALB,EA,120
F150RK6LC01,CORE COMPLETE ASS'Y-A/C EVAP,HALB,EA,120
F150RK6LC02,CORE COMPLETE ASS'Y-A/C EVAP,HALB,EA,120
F150RM7BA01,CORE COMPLETE ASS'Y-A/C EVAP,HALB,EA,20
F150RM7LA01,CORE COMPLETE ASSY-EVAP,HALB,EA,120
F372RZWTA01,LIQ.PIPE-A,HALB,EA,20
F372TC6AA01,LIQ PIPE - A,HALB,EA,20
F372TC6AA02,LIQ PIPE - A,HALB,EA,1
F372TC6AA03,LIQ PIPE - A,HALB,EA,1
F372TC6BA01,LIQ PIPE - A,HALB,EA,1
F372TC6BA02,LIQ PIPE - A,HALB,EA,1
F372TC6BA03,LIQ PIPE - A,HALB,EA,1
F372TC6CA01,LIQ PIPE-A,FERT,EA,20
F372TC6CA02,LIQ PIPE-A,FERT,EA,1
F372TC6CA03,LIQ PIPE-A,FERT,EA,1
F372TC6LA01,PIPE COOLER #1,HALB,EA,1
F372TC6LA02,PIPE COOLER #1,HALB,EA,1
F372TC6LA03,PIPE COOLER #1,HALB,EA,20
F372TIBLA01,PIPE ASSY FR COOLER HIGH,FERT,EA,12
F372TIBLB01,PIPE ASSY FR COOLER HIGH-A,FERT,EA,12
F372TIBLC01,PIPE ASSY FR COOLER HIGH-B,FERT,EA,12
F372TJCLA02,PIPE COMPL-FR COOLER,HIGH,FERT,EA,20
F372TKCLA01,Liquid Pipe Ass'y,FERT,EA,20
F372TLALA02,PIPE COMPL-FR COOLER,HIGH,FERT,EA,20
F372TLALB01,PIPE COMPL-FR COOLER,HIGH,FERT,EA,20
F372TLALB02,PIPE COMPL-FR COOLER,HIGH,FERT,EA,20
F372YPBLA02,PIPE LIQUID,FERT,EA,20
F374LPCXA01,TUBE & HOS ASY-A/C COMPR OLET,FERT,EA,20
F374LPCXB01,TUBE & HOS ASY-A/C COMPR OUTLET,FERT,EA,20
F374LPCXC01,TUBE & HOS ASY-A/C COMPR OUTLET,FERT,EA,20
F374LPCXD01,TUBE & HOS ASY-A/C COMPR OUTLET,FERT,EA,20
F374RD3AA01,HOSE ASS'Y-DIS,FERT,EA,10
F374RD3AA03,DIS HOSE,FERT,EA,10
F374RD3LA03,HOSE ASS'Y DIS,FERT,EA,10
F374RD3MA01,HOSE-ASS'Y DIS.,FERT,EA,10
F374RD3MA02,DIS HOSE,FERT,EA,1
F374TC6BA01,HOSE FLEX-LOW ASSY,HALB,EA,5
F374TC6CA01,DIS HOSE ASS'Y,FERT,EA,5
F374TC6LA01,HOSE FLEXIBLE; HIGH,FERT,EA,10
F374TC6LB02,HOSE FLEXIBLE; HIGH,FERT,EA,5
F374TE7AA01,HOSE ASS'Y FLEX,HIGH,FERT,EA,20
F374TE7AA02,HOSE ASS'Y FLEX,HIGH,FERT,EA,30
F374TE7LA01,HOSE ASSY-FLEX, HIGH,FERT,EA,20
F374TE7LA02,HOSE ASS'Y FLEX,HIGH,FERT,EA,40
F374TIBLA01,PIPE ASSY FLEXIBLE HIGH,FERT,EA,36
F374TIBLB01,PIPE ASSY FLEXIBLE HIGH,FERT,EA,30
F371YPBLA02,PIPE LIQUID,FERT,EA,12
F374TJCLA01,HOSE ASSY FLEXIBLE HIGH,FERT,EA,20
F374TJCLB01,HOSE ASSY FLEXIBLE HIGH,FERT,EA,20
F374TKCLA01,Hose Ass'y-Flex, High,FERT,EA,30
F374TLALA01,HOSE ASSY FLEXIBLE HIGH,FERT,EA,20
F374TLALA02,HOSE ASSY FLEXIBLE HIGH,FERT,EA,36
F161TF6AA01,MANIFOLD ASS'Y-E/CORE,HALB,EA,80
F164RD3BA01,TUBE-A/C E/CORE IN,HALB,EA,20
F165RD3LA01,TUBE ASS'Y-A/C E/COR OUT,HALB,EA,20
F166RD3LA01,TUBE-EXPANSION VALVE,HALB,EA,20
F168LQ9TA01,Bracket EVP Pipe,HALB,EA,20
F169LQ9TA01,Bracket HTR Pipe,HALB,EA,20
F171RD3AA01,TUPE ASS'Y D/PANEL,FERT,EA,20
F171RD3BA01,TUBE ASS'Y-EVAP,HALB,EA,20
F195RM7LA02,EVAP & HTR UNIT ASS'Y,HALB,EA,1
F195RM7LB02,EVAP & HTR UNIT ASS'Y,HALB,EA,1
F1B1RK6AA01,EVAP PIPE ASS'Y-D/PANEL,HALB,EA,200
F1B1RK6AC01,CORE COMPLETE ASS'Y-A/C EVAP,HALB,EA,200
F200AKYAA12,CONDENSER ASSEMBLY,FERT,EA,1
F200BF1AA04,CONDENSER ASSY,FERT,EA,20
F200CA4AA04,CONDENSER ASSY,HALB,EA,1
F200LP4AA01,CONDENSER ASSY,FERT,EA,10
F200LQ9QA02,CONDENSER ASSY DV 6 (DN34-61480-A),FERT,EA,20
F200LQ9QA03,CONDENSER ASSY DV 6,FERT,EA,20
F200LQ9RA02,CONDENSER ASSY (DN32-61480-A) SIGMA,FERT,EA,20
F200LQBQA01,CONDENSER ASSY,FERT,EA,20
F200LQCTA01,CONDENSER ASS'Y (DN33-61480),FERT,EA,20
F200LYALA02,CONDENSER ASSY,FERT,EA,40
F200QQVBB05,CONDENSER ASSY,FERT,EA,10
F200RAXAA04,CONDENSER UNIT-A/CON,FERT,EA,10
F200RM7AA01,CONDENSER ASS'Y,FERT,EA,5
F200RM7AA02,CONDENSER ASS'Y,FERT,EA,5
F200RM7AB01,CONDENSER ASS'Y,FERT,EA,5
F200RM7AB02,CONDENSER ASS'Y,FERT,EA,5
F200RZWLA11,CONDENSER UNIT,FERT,EA,10
F200RZWLA14,CONDENSER ASSY,FERT,EA,20
F200RZWLA15,CONDENSER ASSY,FERT,EA,20
F200RZWLA16,CONDENSER ASSY (UM65-61480-A),FERT,EA,20
F200RZWLA17,CONDENSER ASSY (UM65-61480-A),FERT,EA,20
F200RZWLB04,CONDENSER UNIT,FERT,EA,10
F200RZWLB07,CONDENSER ASSY,FERT,EA,20
F200RZWLB08,CONDENSER ASSY,FERT,EA,20
F200RZWLB09,CONDENSER ASSY (UP63-61480-A),FERT,EA,20
F200RZWLB10,CONDENSER ASSY (UM65-61480-A),FERT,EA,20
F200SP9AA01,CONDENSER ASSY,FERT,EA,10
F200SP9AB01,CONDENSER ASSY,FERT,EA,10
F161AKYAB01,Manifold ass'y-E/Core(J90F),HALB,EA,80
F202LQ9SA01,Duct Assy,HALB,EA,20
F202LQ9TA01,Duct Assy,HALB,EA,8
F203LQ9SA01,Duct (2),HALB,EA,20
F203LQ9TA01,Duct (2),HALB,EA,20
F204LQ9SA01,Duct (1),HALB,EA,20
F204LQ9TA01,Duct (1),HALB,EA,20
F152LYALA01,FIN & PLATE ASSY E/CORE,FERT,EA,120
F152LYALA02,FIN & PLATE ASSY E/CORE,FERT,EA,60
F152QQVAA08,FIN & PLATE ASSY E/CORE,FERT,EA,60
F152QQVAA09,FIN & PLATE ASSY E/CORE,FERT,EA,100
F152RAXLA01,PLATE & FIN ASS'Y-A/C E/CORE,FERT,EA,50
F152RAXLA02,PLATE & FIN ASS'Y-A/C E/CORE,FERT,EA,60
F152RD3BA01,FIN & PLATE ASS'Y (15 rows),HALB,EA,20
F152RD3TB01,FIN & PLATE ASSY-E/CORE,FERT,EA,60
F152RD3TC01,FIN & PLATE ASSY-E/CORE,FERT,EA,60
F152RK6AA01,FIN & PLATE ASS'Y,HALB,EA,60
F152RK6LA01,FIN & PLATE ASSY-E/CORE,HALB,EA,60
F152RM7AA01,FIN & PLATE ASS'Y-E/CORE,HALB,EA,60
F152RM7BA01,FIN & PLATE ASSY-E/CORE,HALB,EA,60
F152RM7LA01,FIN & PLATE ASSY-E/CORE,HALB,EA,60
F152RZWLA02,FIN & PLATE ASS'Y,HALB,EA,60
F152RZWLA04,FIN & PLATE ASS'Y,HALB,EA,60
F101QQVLA09,EVAP UNIT-A/C,FERT,EA,2
SCP2TC6CA01,PIPE ASSY-COMP.-2,HALB,EA,60
SCP2TC6LA01,PIPE ASSY-COMP.-B,HALB,EA,60
SCP2TC6LA02,PIPE ASSY-COMP.-B,HALB,EA,1
SCP2TIBLA01,Pipe Assembly-Comp.,HALB,EA,1
SCP3TC6LA01,PIPE ASSY-COMP,HALB,EA,1
SCPALPCXB01,Pipe Assy Compressor,HALB,EA,1
SCPALPCXB02,Pipe (A)-Compressor,HALB,EA,1
SCPALPCXC02,Pipe Assy Compressor,HALB,EA,1
SCPALPCXD02,Pipe Assy Compressor,HALB,EA,1
SCPARD3AA01,PIPE ASSY-COMP,HALB,EA,40
SCPARD3BA01,PIPE ASSY-COMP,HALB,EA,40
SCPARD3LA01,PIPE ASSY-COMP,HALB,EA,40
SCPATC6AA01,PIPE ASSY-COMP.-A,HALB,EA,40
SCPATC6BA01,PIPE ASSY-COMP.-A,HALB,EA,40
SCPATC6CA01,PIPE ASSY-COMP.-A,HALB,EA,40
SCPATC6LA01,SUCTION PIPE ASS'Y,HALB,EA,60
SCPYPBLA02,Pipe Assembly-Comp.,HALB,EA,1
SPI1RAXLA01,PIPE-COOLER PIPE(A),FERT,EA,70
SPI1RAXMA01,PIPE-COOLER PIPE(A),HALB,EA,70
SPI1RD3AA01,PIPE 1 (EAP.REAR),HALB,EA,70
SPI1RD3BA01,PIPE 1 (EAP.REAR),HALB,EA,70
SPI1RD3LA01,PIPE 1 (EAP.REAR),HALB,EA,70
SPI1RD3MA01,PIPE 4 (EAP.REAR),HALB,EA,70
SPI1TC6AA01,PIPE ASSY-EVAP.REAR,HALB,EA,60
SPI1TC6BA01,PIPE ASSY-EVAP.REAR,HALB,EA,100
SPI1TC6CA01,PIPE ASSSY-EVAP.REAR,HALB,EA,60
SPI1TC6LA01,PIPE ASSY-EVAP REAR,HALB,EA,60
SPI1TH7LA01,PIPE(B)-SIDE MEMBER F737,HALB,EA,48
SPI1TIBLA01,Pipe Assembly-Pipe Suc.,HALB,EA,1
SPI1TIBLB01,Pipe Assembly-Pipe Suc.,HALB,EA,1
SPI2RD3AA01,PIPE 2 (EAP.FRONT),HALB,EA,70
SPI2RD3BA01,PIPE 2 (EAP.FRONT),HALB,EA,70
SPI2RD3CA01,PIPE ASS'Y-REAR SIDE,HALB,EA,100
SPI2RD3LA01,PIPE 2 (EAP.FRONT),HALB,EA,70
SPI2RD3MA01,PIPE 1 (EAP.FRONT),HALB,EA,70
SCP1TIBLA01,Pipe Assembly-Comp.,HALB,EA,1
SPI2TC6AA01,PIPE ASSY-EVAP.FRONT,HALB,EA,60
SPI2TC6BA01,PIPE ASSY-EVAP.FRONT,HALB,EA,100
SPI2TC6CA01,PIPE ASSSY-EVAP.FRONT,HALB,EA,60
SPI2TC6LA01,PIPE ASSY-EVAP FRONT,HALB,EA,60
SPIALPCXC02,Pipe (B)-C/Unit,HALB,EA,1
R750TF9AA01,INTER COOLIER,FERT,EA,1
R750TF9AA02,INTER COOLIER,FERT,EA,1
R750TF9CA01,INTER COOLER (BT-50),FERT,EA,1
R750TG6AA04,INTER COOLER ASS'Y,FERT,EA,40
R750TG6AA05,INTER COOLER ASS'Y,FERT,EA,40
R750TG6AA07,INTER COOLER ASS'Y,FERT,EA,40
PSB1TC6CA02,SUC.PIPE (A)- ASSY,HALB,EA,50
PSC1RD3AA01,PIPE,HALB,EA,100
PSC1RD3BA01,PIPE,HALB,EA,100
PSC1RD3CA01,PIPE,HALB,EA,100
PSD1RD3AA01,PIPE,HALB,EA,100
PSD1RD3BA01,PIPE,HALB,EA,100
PSD1TC6AA01,SUCTION PIPE,HALB,EA,60
PSD1TC6CA01,SUCTION PIPE,HALB,EA,100
PSD1TC6LA01,SUC.PIPE,HALB,EA,60
PSD1TC6LB01,SUC.PIPE,HALB,EA,100
PSU1LEYAA01,PIPE,HALB,EA,100
PSU1LEYAB01,PIPE,HALB,EA,100
PSU1RAXAA01,PIPE,HALB,EA,100
PSU1RAXLA01,PIPE,HALB,EA,100
PSU1RD3LA01,PIPE,HALB,EA,100
PSU1RD3LB01,PIPE,HALB,EA,100
PSU1RD3LC01,PIPE(SUCTION),HALB,EA,100
PSU1RD3LD01,PIPE(SUCTION),HALB,EA,100
PSU1TC6LA01,PIPE SUCTION,HALB,EA,100
PSU1TC6LB01,PIPE SUCTION,HALB,EA,60
PSU1TE7AA02,PIPE COOLER ASSY,HALB,EA,200
PSU1TE7AC01,PIPE COOLER ASSY,HALB,EA,200
PSU1TE7LA01,PIPE COOLER ASSY,HALB,EA,200
PSU1TE7LA02,PIPE COOLER ASSY,HALB,EA,120
PSU1TE7LC01,PIPE COOLER ASSY,HALB,EA,50
LQD1TC6AA01,LIQUID PIPE,HALB,EA,60
PSU1TIBLA01,Pipe Compl-FR Cooler,HALB,EA,50
R102RM7AA01,OIL COOLER,HALB,EA,10
R102RMBAA01,OIL COOLER RADIATOR,HALB,EA,6
R121RK6NA01,OIL COOLER CORE ASS'Y,HALB,EA,60
R121RK6PA01,OIL COOLER CORE ASS'Y,HALB,EA,60
R200GRACA01,RADIATOR ASSY (BR39-8005-BA),FERT,EA,7
R200GT7CA01,RADIATOR FAN MODULE M/T,FERT,EA,1
R200GT7NA01,RADIATOR FAN MODULE-A/T,FERT,EA,1
R200KUAAA01,RADIATOR ASS'Y (E40C),FERT,EA,10
R200KUABA01,RADIATOR ASSY(E45C),FERT,EA,10
R200KUADA01,RADIATOR ASS'Y (E40AB),FERT,EA,10
R200KUAEA01,RADIATOR ASS'Y (D31C),FERT,EA,10
LQA2RD3AA01,PIPE B,HALB,EA,100
LQA2RD3LA01,PIPE-B,HALB,EA,100
LQA2TC6AA01,PIPE B-EVAP FRONT,HALB,EA,60
LQA2TC6AA02,PIPE B-EVAP FRONT,HALB,EA,50
LQA2TC6BA02,PIPE B-CONNECTOR,HALB,EA,50
LQA2TC6CA01,PIPE B-EVAP FRONT,HALB,EA,60
LQA2TC6CA02,PIPE B-EVAP FRONT,HALB,EA,50
LQA2TC6LA01,PIPE B-EVAP FRONT,HALB,EA,60
LQA2TC6LA02,PIPE B-EVAP FRONT,HALB,EA,50
LQA2TH7LA01,PIPE (B)-SIDE MEMBER F737,HALB,EA,60
LQA2YPBLA02,Pipe, Liquid - B,HALB,EA,50
LQA3TC6AA02,PIPE A-EVAP FRONT,HALB,EA,50
LQA3TC6BA02,PIPE C-EVAP. REAR,HALB,EA,50
LQA3TC6CA01,PIPE C-EVAP FRONT,HALB,EA,60
LQA3TC6CA02,PIPE C-EVAP FRONT,HALB,EA,50
LQA3TC6LA01,PIPE C-EVAP FRONT,HALB,EA,100
LQA4RD3LA01,PIPE-D,HALB,EA,100
LQAATC6AA01,Liquid Pipe A-B Ass'y,HALB,EA,50
LQAATC6AA02,Liquid Pipe A-B Ass'y,HALB,EA,50
LQAATC6BA01,Liquid Pipe A-B Ass'y,HALB,EA,50
LQAATC6BA02,Liquid Pipe A-B Ass'y,HALB,EA,50
LQAATC6CA01,Liquid Pipe A-B Ass'y,HALB,EA,50
LQAATC6CA02,Liquid Pipe A-B Ass'y,HALB,EA,50
LQAATC6LA01,Liquid Pipe A-B Ass'y,HALB,EA,50
LQAATC6LA02,Liquid Pipe A-B Ass'y,HALB,EA,50
LQAAYPBLA01,Liquid Pipe Assembly,HALB,EA,50
LQB1RAXAA01,PIPE ASS'Y,HALB,EA,100
LQB1RAXLA01,PIPE ASS'Y,HALB,EA,100
LQB1RD3AA01,PIPE,HALB,EA,100
LQB1RD3AB01,PIPE,HALB,EA,100
LQB1RD3LA01,PIPE,HALB,EA,100
LQB1RD3LB01,PIPE,HALB,EA,100
LQB1RD3LC01,PIPE,HALB,EA,100
LQB1RD3LD01,PIPE,HALB,EA,100
LQB1RM7LA03,PIPE ASSY-LIQUID,HALB,EA,100
LQB1RM7LB02,LIQUID PIPE 1,HALB,EA,50
LQA1YPBLA02,Pipe, Liquid - A,HALB,EA,50
LQB1TC6AA01,LIQ.PIPE (A)- ASSY,HALB,EA,100
LQB1TC6CA01,LIQ.PIPE (A)- ASSY,HALB,EA,60
LQB1TC6CA02,LIQ.PIPE (A)- ASSY,HALB,EA,50
LQB2RD3AA01,PIPE,HALB,EA,100
LQB2RD3AB01,PIPE,HALB,EA,100
LQC1RAXAA01,PIPE ASS'Y,HALB,EA,100
LQC1RD3AA01,PIPE,HALB,EA,100
LQC1RD3BA01,PIPE,HALB,EA,100
LQD1RD3AA01,PIPE,HALB,EA,100
LQD1RD3BA01,PIPE,HALB,EA,100
LQD1RD3CA01,PIPE A,HALB,EA,200
R750TG6AA08,INTER COOLER ASS'Y (U-XYLO),FERT,EA,1
LQA3RD3LA01,PIPE-C,HALB,EA,100
F500RD3BA02,COMP & CLUTCH ASSY-A/C,FERT,EA,10
F500RD3BA03,COMP & CLUTCH ASSY,FERT,EA,2
F500RD3TA01,COMP & CLUTCH ASSY A/C,FERT,EA,2
F500RJ3AA03,COMP & CLUTCH ASS'Y A-C J14XY [HS-18],FERT,EA,40
F500RJ3BA02,COMP & CLUTCH ASS'Y A-C U204-TAA [HS-18],FERT,EA,96
F500RK6AA01,COMPRESSOR ASSY,FERT,EA,40
F500RK6BA01,COMPRESSOR ASSY,FERT,EA,40
F500RK6SA01,COMP & CLUTHCHA SSY-A/C,FERT,EA,40
F500RK6TA01,COMP & CLUTHCHA SSY-A/C,FERT,EA,2
F500RZWLA02,COMP & CLUTCH ASS'Y-A/C (4MT'G),FERT,EA,40
F500RZWLA05,COMP & CLUTCH ASS'Y-A/C (4MT'G),FERT,EA,40
F500RZWLA06,COMP & CLUTCH ASS'Y-A/C (4MT'G),FERT,EA,40
F500RZWLA07,COMP & CLUTCH ASSY,FERT,EA,40
F500RZWTA01,COMP & CLUTCH ASSY,FERT,EA,1
F500TF9TA01,COMP&CLUTCH ASSY-A/C,FERT,EA,96
F500WBAAA03,COMP & CLUTCH ASS'Y  W201-Single HS-18,FERT,EA,96
F500WBABA03,COMP & CLUTCH ASS'Y  W201-Dual [HS-18],FERT,EA,80
F510BBWBC01,CYLINDER-COPM,HALB,EA,100
F510BBWBD01,CYLINDER-COPM,HALB,EA,100
F510LYALA02,CYLINDER-COMP.,HALB,EA,100
F510LYALB03,CYLINDER-COMP.,HALB,EA,100
F510LYALC02,CYLINDER-COMP.,HALB,EA,100
F510MAXAA01,CYLINDER-COMP,HALB,EA,100
F510MAXAB02,CYLINDER-COMP,HALB,EA,100
F510RK6SA02,CYLINDER-COMP,HALB,EA,100
F510RK6SB02,CYLINDER-COMP,HALB,EA,100
F5A3BBWAB09,COMP ASSY W/MANIFOLD,HALB,EA,40
F849RMCLA01,TUBE ASM-A/C CNDSR & A/C EVPR,FERT,EA,15
F849TC6AA01,PIPE ASS'Y,FERT,EA,5
F5A3BFWAB03,COMP ASSY-W/MANIFOLD,HALB,EA,96
F5A3DEYTA01,COMP ASSY-A/C,HALB,EA,40
F5A3DEYTB01,COMP ASSY-A/C,HALB,EA,40
F5A3JQYCA01,COMP ASSY-W/MANIFOLD,HALB,EA,40
F5A3JQYDA01,COMP ASSY-W/MANIFOLD,HALB,EA,40
F5A3JX7SA01,COMP ASSY-W/MANIFOLD,HALB,EA,100
F5A3LF4AA01,COMP ASSY-W/MANIFOLD,HALB,EA,120
F5A3LF4BA01,COMP ASSY-W/MANIFOLD,HALB,EA,40
F5A3LF4CA01,COMP ASSY-W/MANIFOLD,HALB,EA,40
F5A3LF4CB01,COMP ASSY-W/MANIFOLD,HALB,EA,40
F500RD3AA04,COMP & CLUTCH ASSY,FERT,EA,2
F5A3LS5AA01,COPM ASSY-W/MANIFOLD,HALB,EA,40
F5A3LS5SA02,COPM ASSY-W/MANIFOLD,HALB,EA,40
F5A3LUAAA01,COMP - ASSY-W/MANIFOLD,HALB,EA,40
F5A3LUASA01,COMP ASSY-W/MANIFOLD,HALB,EA,100
F5A3LYALA01,COMP - ASSY-W/MANIFOLD,HALB,EA,40
F5A3LYALA02,COMP - ASSY-W/MANIFOLD,HALB,EA,40
F494RD3LC03,PIPE LIQ & SUC.,HALB,EA,20
F494RD3LD03,PIPE-LIQ & SUC.,HALB,EA,100
F494TC6AA01,PIPEASS'Y-LIQ & SUC#2,HALB,EA,1
F494TC6CA01,PIPE ASSY -LIQ & SUC # 2,HALB,EA,1
F494TC6CA02,PIPE ASSY -LIQ & SUC # 2,HALB,EA,1
F4A9LPCSX01,TUBE ASS'Y-A/C COMP.OUTLET,FERT,EA,60
F500BBWAB09,COMP & CLUTCH ASSY-A/C,FERT,EA,1
F500BFWAB06,COMPRESSOR & CLUTCH ASSY,FERT,EA,1
F500BFWAB07,COMP ASS'Y,FERT,EA,1
F500BFWAB08,COMP & CLUTCH ASSY-A/C,FERT,EA,1
F500BFWAC06,COMPRESSOR ASSY,FERT,EA,1
F500DEYTA01,COMP & CLUTCH ASSY-A/C,FERT,EA,1
F500DEYTB01,COMP & CLUTCH ASSY-A/C,FERT,EA,1
F500JQYCA01,COMP & CLUTCH ASSY-A/C,FERT,EA,96
F500JX7SA01,COMP & CLUTCH ASS'Y A-C,FERT,EA,96
F500JX7SA05,COMP & CLUTCH ASS'Y A-C,FERT,EA,96
F500LF4AA01,COMP & CLUTCH ASSY-A/C,FERT,EA,96
F500LF4BA01,COMP & CLUTCH ASSY-A/C,FERT,EA,96
F500LF4CA01,COMP & CLUTCH ASSY-A/C,FERT,EA,96
F500LF4CB01,COMP & CLUTCH ASSY-A/C,FERT,EA,96
F500LS5AA02,COMP & CLUTCH ASSY,FERT,EA,40
F500LS5SA02,COMP & CLUTCH ASSY_B376,FERT,EA,96
F500LUAAA01,COMP & CLUTCH ASSY A/C,FERT,EA,40
F500LUASA01,COMP & CLUTCH ASSY A/C,FERT,EA,40
F500LYALA02,COMP & CLUTCH ASSY-A/C,FERT,EA,96
F500LYALA03,COMP & CLUTCH ASSY-A/C,FERT,EA,40
F500LYALB02,COMP & CLUTCH ASSY-A/C,FERT,EA,40
F500MD9AA01,COMP & CLUTCH ASSY A/C,FERT,EA,40
F500MD9SA02,COMP & CLUTCH ASSY_B517,FERT,EA,72
F849TC6BA01,LIQ.& SUC PIPE,FERT,EA,5
F849TC6BA02,LIQ.& SUC PIPE,FERT,EA,5
F849TC6CA01,LIQ.& SUC PIPE,FERT,EA,5
F849TC6CA02,LIQ.& SUC PIPE,FERT,EA,5
F859RD3AA01,PIPE ASS'Y REAR#1,FERT,EA,8
F859RD3AA02,REAR PIPE ASSY #1,FERT,EA,8
F859RD3AA03,PIPE ASSY REAR,FERT,EA,8
F859RD3AB01,PIPE ASS'Y REAR#1,FERT,EA,8
F859RD3BA01,PIPE ASS'Y REAR#1,FERT,EA,8
F859RD3BA02,PIPE ASSY REAR,FERT,EA,8
F859RD3CA01,PIPE ASSY REAR LIQ & SUC,FERT,EA,8
F859RD3CA02,PIPE ASSY REAR LIQ & SUC,FERT,EA,8
F859RD3CA03,PIPE ASSY REAR,FERT,EA,8
F859RD3LA02,PIPE ASS'Y-REAR SUC & LIQ #1,FERT,EA,10
F859RD3LA03,PIPE ASS'Y REAR #1,FERT,EA,8
F859RD3LB02,PIPE ASS'Y-REAR SUC & LIQ.#2,FERT,EA,20
F859RD3LB03,PIPE ASS'Y(A) SUC.& LIQ.,FERT,EA,20
F859RD3LB04,PIPE ASSY REAR LIQ. & SUC.,FERT,EA,20
F859RD3LC02,PIPE ASS'Y-REAR SUC & LIQ.#3,FERT,EA,5
F859RD3LC03,PIPE ASS'Y#3-REAR SUC & LIQ,FERT,EA,10
F859RD3LD03,PIPE ASS'Y REAR #4,HALB,EA,5
F859TC6AA01,PIPE ASSY REAR LIQ.& SUC,FERT,EA,5
F859TC6BA01,PIPE ASSY REAR LIQ.& SUC,FERT,EA,5
F859TC6CA01,PIPE ASSY REAR LIQ.& SUC,FERT,EA,5
F859TC6LA01,PIPE ASS'Y SUC & LIQ,FERT,EA,8
F859TC6LB02,PIPE ASS'Y-REAR #1,FERT,EA,5
F886RD3AA03,PIPE -LIQ & SUC.,FERT,EA,20
F886RD3BA03,PIPE -LIQ & SUC.,FERT,EA,50
LCNLPCSX02,Pipe Assembly A/C Jumper,HALB,EA,50
LQA1RAXLA01,PIPE ASS'Y,HALB,EA,100
LQA1RD3AA01,PIPE A,HALB,EA,100
LQA1RD3BA01,PIPE A,HALB,EA,100
LQA1RD3CA01,PIPE,HALB,EA,20
LQA1RD3LA01,PIPE(LIQUID),HALB,EA,100
LQA1RM7NA02,PIPE ASSY-EVAP,HALB,EA,60
LQA1RZWTA01,PIPE 1(COND.OUTLET)/PIPE A,HALB,EA,100
LQA1TC6AA01,PIPE A-EVAP FRONT,HALB,EA,60
F849RD3BB03,PIPE ASSY,FERT,EA,20
LQA1TC6CA01,PIPE A-EVAP FRONT,HALB,EA,100
LQA1TC6LA01,PIPE A-EVAP FRONT,HALB,EA,60
LQA1TC6LA02,PIPE A-EVAP FRONT,HALB,EA,50
LQA1TH7LA01,PIPE (A)-CONDENSER,HALB,EA,60
LQA1TIBLA01,Pipe Compl-FR Cooler, High,HALB,EA,50
LQA1TIBLB01,Pipe Compl-FR Cooler, High,HALB,EA,50
LQA1TIBLC01,Pipe Compl-FR Cooler, High,HALB,EA,50
F777TC6LB01,REAR LIQ. PIPE,HALB,EA,20
F821BFWAE01,FIN-COND,HALB,EA,42
F500PA4AA02,COMP. & CLUTCH ASSY,FERT,EA,10
F500PA4AA04,COMP & CLUTCH AS'Y-A/C,FERT,EA,60
F500QQ3AA01,COMP & CLUTCH ASSYA/C,FERT,EA,10
F500QQ3AA02,COMP & CLUTCH ASSY-A/C,FERT,EA,10
F500QQ3AA03,COMP & CLUTCH ASSY,FERT,EA,10
F454TC6CA02,HOW FLEX-LOW,FERT,EA,5
F500RAXAA03,COMP. ASS'Y,FERT,EA,1
F500RAXAA04,COMP. ASS'Y,FERT,EA,1
F500RAXAA05,COMP. ASS'Y,FERT,EA,1
F500RAXAA06,COMP. ASS'Y,FERT,EA,1
F500RAXBA03,COMP. ASS'Y,FERT,EA,1
F500RAXBA04,COMP. ASS'Y,FERT,EA,1
F500RAXBA05,COMP. ASS'Y,FERT,EA,1
F500RAXBA06,COMP. ASS'Y,FERT,EA,1
F500RAXTA01,COMP & CLUTCH ASSY A/C,FERT,EA,1
F500RAXTB01,COMP & CLUTCH ASSY A/C,FERT,EA,1
F821CBXBA01,FIN-COND,FERT,EA,35
F821DC4AA01,FIN COND,HALB,EA,3600
F821KKXAE01,FIN-COND,HALB,EA,37
F821LP4AA01,FIN-COND,HALB,EA,38
F821LQ9QA01,FIN-COND,HALB,EA,100
F821LQ9RA01,FIN-COND,HALB,EA,100
F821QQVAE01,FIN COND,HALB,EA,35
F821RAXAA01,FIN-COND,HALB,EA,30
F821RAXAE01,FIN-COND,HALB,EA,30
F821RM7AA01,FIN CONDENSER (GSL/DSL),HALB,EA,2000
F821RZWLA03,FIN-COND,HALB,EA,32
F821RZWLB01,FIN-COND,HALB,EA,35
F821RZWLE01,FIN-COND,HALB,EA,32
F821SP9AA01,FIN-COND,HALB,EA,50
F823RAXAA01,HEADER-COND,HALB,EA,200
F823RAXAA02,HEADER-COND,HALB,EA,200
F823RZWLA03,HEADER-COND,HALB,EA,200
F824RAXAA01,TANK-COND,HALB,EA,250
F824RZWLA03,TANK-COND(J97A),HALB,EA,200
F825RD3AA01,LIQ.PIPE ASS'Y,FERT,EA,10
F825RD3AA02,LIQ. PIPE ASS'Y,FERT,EA,10
F825RD3BA01,LIQ.PIPE ASS'Y,FERT,EA,10
F825RD3BA02,LIQ.TUBE ASS'Y,FERT,EA,10
F825RD3CA01,LIQ & PIPE ASSY A,FERT,EA,10
F825RD3LA02,LIQ. PIPE ASS'Y,FERT,EA,5
F825TC6AA01,LIQ PIPE ASSY- A,FERT,EA,5
F825TC6AA02,LIQ PIPE ASSY- A,FERT,EA,5
F825TC6AA03,LIQ PIPE ASSY- A,FERT,EA,20
F825TC6BA01,LIQ PIPE ASSY- A,FERT,EA,5
F825TC6BA02,LIQ PIPE ASSY- A,FERT,EA,5
F825TC6BA03,LIQ PIPE ASSY- A,FERT,EA,20
F825TC6CA01,PIPE ASS'Y-REAR LIQ&SUC,FERT,EA,5
F825TC6CA02,PIPE ASS'Y-REAR LIQ&SUC,FERT,EA,5
F825TC6CA03,PIPE ASS'Y-REAR LIQ&SUC,FERT,EA,20
F777TC6LA01,REAR LIQ. PIPE,HALB,EA,20
F825TC6LA01,PIPE ASS'Y COOLER #1,FERT,EA,5
F825TC6LA02,PIPE ASS'Y COOLER #1,FERT,EA,5
F825TC6LA03,PIPE ASS'Y COOLER #1,FERT,EA,20
F833RAXAA01,TANK(A)-COND,HALB,EA,250
F833RZWLA04,TANK(A)-COND(J97A),HALB,EA,200
F849RD3AA02,PIPE ASS'Y,FERT,EA,20
F849RD3AA03,PIPE ASSY,FERT,EA,20
F849RD3AB02,PIPE ASS'Y,FERT,EA,20
F849RD3AB03,PIPE ASSY,FERT,EA,20
F849RD3BA02,PIPE ASS'Y,FERT,EA,20
F849RD3BA03,PIPE ASSY,FERT,EA,20
F849RD3BB02,PIPE ASS'Y,FERT,EA,20
F454TC6BA01,HOSE FLEX-LOW ASS'Y,FERT,EA,5
F454TC6CA01,DIS HOSE ASS'Y,FERT,EA,5
F5A3MD9AA01,COMP - ASSY-W/MANIFOLD,HALB,EA,40
F5A3MD9SA02,COMP - ASSY-W/MANIFOLD,HALB,EA,40
F5A3PA4AA01,COMP ASSY-A/C,HALB,EA,40
F5A3RD3AA04,COMP ASSY-W/MANIFOLD,HALB,EA,1
F5A3RD3BA03,COMP ASSY W/MANIFOLD,HALB,EA,1
F5A3RJ3BA01,COMP ASSY-W/MANIFOLD,HALB,EA,40
F5A3RK6SA01,COMP ASSY-W/MANIFOLD,HALB,EA,1
F5A3RK6TA01,COMP ASSY-W/MAINFOLD,HALB,EA,1
F5A3RZWLA03,COMP - ASSY-W/MANIFOLD,HALB,EA,1
F5A3RZWTA01,COPM ASSY-W/MANIFOLD,HALB,EA,40
F5A3WBAAA01,COMP ASSY W/MANIFOLD,HALB,EA,40
F5A3WBABA01,COMP ASSY W/MANIFOLD,HALB,EA,40
F717BF1AC01,REAR AUX HVAC MODULE-A/C-WITHOUR HTR.,FERT,EA,1
F717BFWAB05,REAR AUX HVAC MODULE-A/C,FERT,EA,1
F717RD3AA05,REAR AUX HVAC MODULE-A/C,FERT,EA,1
F717RK6AA03,REAR HVAC MODULE,FERT,EA,1
F717RK6BA01,REAR HVAC MODULE,FERT,EA,1
F717RM7BA03,MODULE ASM-HTR & A/C EVPR&BOL(REAR HVAC),FERT,EA,1
F737RD3AA01,PIPE ASS'Y-LIQ & SUC,FERT,EA,6
F737RD3AA04,PIPE ASSY LIQ. & SUC.,FERT,EA,60
F737RD3BA01,PIPE ASS'Y-LIQ. & SUC.,FERT,EA,6
F737RD3CA01,PIPE ASSY LIQ & SUC.,FERT,EA,6
F737RD3CA02,PIPE ASSY LIQ & SUC,FERT,EA,6
F737RD3CA03,PIPE ASSY LIQ & SUC.,FERT,EA,6
F738RD3AA01,PIPE ASS'Y-(A) LIQ.&SUC.,FERT,EA,6
F738RD3AB01,PIPE ASS'Y-(A) LIQ.&SUC.,FERT,EA,6
F738RD3AB04,PIPE ASSY LIQ& SUC,FERT,EA,40
F738TC6AA01,PIPEASS'Y-LIQ & SUC#1,HALB,EA,40
F738TC6CA01,PIPE ASSY -LIQ & SUC # 1,HALB,EA,5
F742LP4AA01,COND PIPE ASSY,HALB,EA,120
F760AKYAA12,CORE ASS'Y-COND,HALB,EA,10
F760BF1AA04,CORE ASSY COND,HALB,EA,10
F760LP4AA01,CORE ASSY-COND,HALB,EA,10
F760LQ9QA02,COND.CORE ASS'Y,HALB,EA,30
F760LQ9RA01,COND.CORE ASS'Y,HALB,EA,60
F5A3LYALB01,COMP - ASSY-A/C,HALB,EA,100
F760LQCTA01,CORE ASSY COND,HALB,EA,60
F760LYALA02,CORE ASSY COND,HALB,EA,40
F760QQVBB04,CORE ASSY COND.,HALB,EA,90
F760RAXAA01,CORE ASS'Y-COND,FERT,EA,10
F760RM7AA01,CORE ASS'Y-COND,HALB,EA,40
F760RM7AB01,CORE ASS'Y-COND,HALB,EA,10
F760RZWLA03,CORE ASS'Y-COND,FERT,EA,10
F760RZWLB02,CORE ASS'Y COND,HALB,EA,60
F771AKYAB03,CUP BOTH BLANK(A) E/CORE REF(BLANK),HALB,EA,50
F776RD3MA01,DIS HOSE ASS'Y,FERT,EA,10
F777TC6CA01,LIQ.PIPE ASS'Y,HALB,EA,12
F374TLALB02,HOSE ASSY FLEXIBLE HIGH,FERT,EA,20
F374YPBLA01,HOSE DISCHARGE,FERT,EA,36
F374YPBLA02,HOSE DISCHARGE,FERT,EA,24
F374YPBLB01,HOSE DISCHARGE,FERT,EA,36
F374YPBLB02,HOSE DISCHARGE,FERT,EA,24
F375LPCXB02,TUBE & HOS ASY-A/C COMPR INLET,FERT,EA,20
F375LPCXC02,TUBE & HOS ASY-A/C COMPR INLET,FERT,EA,20
F375LPCXD01,TUBE & HOS ASY-A/C COMPR INLET,FERT,EA,20
F375RD3AA01,HOSE ASS'Y-SUC,FERT,EA,8
F375RD3AA03,SUC. HOSE,FERT,EA,8
F375RD3BA01,HOSE ASS'Y-SUC.,FERT,EA,6
F375RD3BA02,SUC. HOSE,FERT,EA,1
F375RD3CA01,SUC HOSE ASSY,FERT,EA,6
F375RD3CA02,HOSE ASS'Y FLEXIBLE,FERT,EA,6
F375RD3LA07,HOSE ASS'Y SUC,FERT,EA,6
F375RD3LA08,HOSE ASS'Y-SUC.,FERT,EA,6
F375RD3LA09,SUC HOSE ASS'Y,FERT,EA,6
F375RD3MA01,HOSE ASS'Y-SUC,FERT,EA,6
F375TC6AA01,HOSE FLEX-LOW ASS'Y,HALB,EA,5
F375TC6AA02,HOSE FLEX-LOW ASSY,FERT,EA,5
F375TC6BA01,HOSE FLEX-LOW ASS'Y,HALB,EA,5
F375TC6CA01,HOSE FLEX-LOW,HALB,EA,5
F375TC6CA02,HOSE FLEX-LOW ASS'Y,HALB,EA,5
F375TC6LA02,HOSE-FLEXIBLE LOW,FERT,EA,5
F375TE7AA02,HOSE ASS'Y FEX, LOW,FERT,EA,10
F375TE7LA02,HOSE ASS'Y FEX, LOW,FERT,EA,10
F375TE7LA03,HOSE ASS'Y FLEX; LOW,FERT,EA,10
F375TIBLA01,PIPE ASSY FLEXIBLE LOW,FERT,EA,12
F375TIBLB01,PIPE ASSY FLEXIBLE LOW,FERT,EA,12
F375TJCLA01,HOSE ASSY FLEXIBLE LOW,FERT,EA,10
F375TJCLB01,HOSE ASSY FLEXIBLE LOW,FERT,EA,10
F375TKCLA01,Hose Ass'y-Flex, Low,FERT,EA,20
F375TLALA01,HOSE ASSY FLEXIBLE LOW,FERT,EA,12
F375TLALA03,HOSE ASSY FLEXIBLE LOW,FERT,EA,12
F375TLALB03,HOSE ASSY FLEXIBLE LOW,FERT,EA,10
F375TLASA01,HOSE ASSY FLEXIBLE LOW,FERT,EA,60
F375TLASA02,HOSE ASSY FLEXIBLE LOW,FERT,EA,35
F375YPBLA01,HOSE SUCTION,FERT,EA,12
F375YPBLA02,HOSE SUCTION,FERT,EA,12
F375YPBLA03,HOSE SUCTION,FERT,EA,20
F374TLALB01,HOSE ASSY FLEXIBLE HIGH,FERT,EA,20
F444TC6BA01,HOSE FLEX-LOW ASSY,FERT,EA,5
F454RD3AA01,SUC. HOSE ASS'Y,FERT,EA,5
F454RD3BA01,SUC. HOSE ASS'Y,FERT,EA,5
F454TC6AA01,HOSE FLEX-LOW ASS'Y,FERT,EA,5
R750TG6AA09,INTER COOLER ASS'Y (U-XYLO),FERT,EA,40
R750TG6AA10,INTER COOLER ASS'Y (U-XYLO),FERT,EA,40
R750TG6BA05,INTER COOLER CORE ASS'Y,FERT,EA,40
R750TG6BA06,INTER COOLER CORE ASSY,FERT,EA,40
R750TG6BA07,INTER COOLER CORE ASSY,FERT,EA,40
R750TG6BA08,INTER COOLER CORE ASSY,FERT,EA,40
R750TG6BA10,INTER COOLER ASS'Y (EAGLE EURO III),FERT,EA,40
R750TG8AA02,INTER COOLER (W408),FERT,EA,40
R750TG8AA03,INTER COOLER (W408),FERT,EA,40
R750TG9CA01,INTER COOLER CORE ASS'Y,FERT,EA,1
R750TG9CA03,INTER COOLER CORE ASS'Y(EAGLE EURO IV),FERT,EA,40
R750TGAAA01,INTERCOOLER  ASS'Y,FERT,EA,40
R750TGAAA02,INTERCOOLER  ASS'Y,FERT,EA,40
R750TGAAA03,INTERCOOLER  ASS'Y,FERT,EA,40
R750TGAAB01,INTER COOLER ASSY (U203),FERT,EA,40
R750TGAAB02,INTER COOLER ASSY (U203),FERT,EA,40
R750TGAAB03,INTER COOLER ASSY (U203),FERT,EA,40
R750TGABA01,INTERCOOLER  ASS'Y,FERT,EA,40
R750TGBBA01,INTERCOOLER  ASS'Y (W201 Euro V),FERT,EA,40
R750TGCAA01,INTERCOOLER  ASS'Y,FERT,EA,40
R750TGCAA02,INTERCOOLER  ASS'Y,FERT,EA,40
R750TGCAA03,INTERCOOLER  ASS'Y,FERT,EA,40
R750WMCAA01,INTER COOLER ASS'Y,HALB,EA,30
R751MA5CA01,INTER COOLER,HALB,EA,80
R751MA5EA01,INTER COOLER,HALB,EA,1
R751MA5EA02,INTER COOLER,HALB,EA,80
SCP1LPCXD02,Pipe,HALB,EA,1
SCP1RAXLA01,PIPE - COMPRESSOR(B),FERT,EA,70
SCP1RAXMA01,PIPE - COMPRESSOR(B),FERT,EA,70
SCP1RD3AA01,PIPE 3 (COMPRESSOR),HALB,EA,70
SCP1RD3BA01,PIPE 3 (COMPRESSOR),HALB,EA,70
SCP1RD3LA01,PIPE 3 (COMPRESSOR),HALB,EA,70
SCP1RD3MA01,PIPE 2 (COMP.FRONT),HALB,EA,70
SCP1TC6AA01,PIPE ASSY-COMP.-1,HALB,EA,60
SCP1TC6BA01,PIPE ASSY-COMP.-1,HALB,EA,1
R750TF6CA02,INTER COOLIER (D-MAX),FERT,EA,1
SCP1TC6CA01,PIPE ASSY-COMP.-1,HALB,EA,60
SCP1TC6LA01,PIPE ASSY-COMP.-A,HALB,EA,60
SCP1TH7LA01,PIPE(A)-COMPRESSOR,HALB,EA,48
SCP1TH7LB01,PIPE(A)-COMPRESSOR,HALB,EA,48
R501RMBAT02,RADIATOR AND FAN ASS'Y,FERT,EA,5
R501RMBMT02,RADIATOR AND FAN ASS'Y,FERT,EA,5
R700GRAAA01,INTER COOLER ASSY,HALB,EA,40
R700LYAAA01,INTER COOLER ASS'Y,FERT,EA,30
R700LYAAB01,INTR/CLR INTK MANF,FERT,EA,30
R700LYABA01,INTER COOLER ASS'Y,FERT,EA,30
R700LYABB01,INTERCOOLER ASSY,FERT,EA,30
R700RZWAA01,INTER COOLER ASS'Y,FERT,EA,30
R700RZWAA02,INTERCOOLER ASSY,FERT,EA,6
R700RZWAA03,INTERCOOLER ASSY,FERT,EA,6
R700TF6AA01,INTER COOLER ASS'Y,FERT,EA,40
R700TF6CA01,INTER COOLER ASS'Y,HALB,EA,40
R700TF6TA01,INTER COOLER J97 W/O PAINTING,FERT,EA,30
R701LYAAA01,PLATE ASS'Y-I/COOLER,HALB,EA,90
R701LYABA01,CORE ASSEMBLY INTER COOLER,HALB,EA,90
R701RM7AA01,CORE ASSY INTER COOLER,HALB,EA,80
R703DC4NA03,FIN-INNER,HALB,EA,450
R703GRAAA01,INTERNAL FIN,HALB,EA,80
R703GRDTA01,INTERNAL FIN,HALB,EA,90
R703RM7NA01,Inner fin I/C (C100 RFM),HALB,EA,2700
R704DC4NA01,FIN EXTERNAL,HALB,EA,300
R704DE4CA01,INTER COOLER ASSY,HALB,EA,300
R704GACAA01,EXTERNAL FIN FOR CN100,HALB,EA,1
R704GRAAA01,External Fin,HALB,EA,540
R704LYAAA01,FIN EXTERNAL (Louver) 70 FPDM,HALB,EA,80
R704LYABA01,FIN EXTERNAL (Louver) 80 FPDM,HALB,EA,80
R704MA5CA01,FIN EXTERNAL,HALB,EA,80
R704NC5AA01,FIN EXTERNAL,HALB,EA,300
R704RK6NA02,FIN EXTERNAL,HALB,EA,300
R704RM7AA02,FIN EXTERNAL (C100 RFM),HALB,EA,300
R704RZWAA01,Fin - External,HALB,EA,170
R704TF9AA01,FIN EXTERNAL,HALB,EA,1
R704TG6AA01,FIN EXTERNAL,HALB,EA,170
R704TG6AA03,FIN EXTERNAL,HALB,EA,80
R750GRAAA01,INTER COOLER ASSEMBLY,HALB,EA,90
R750LYAAX01,INTER COOLER ASS'Y,HALB,EA,30
R750LYABX01,Intercooler,HALB,EA,30
R501GT7AT08,RADIATOR FAN MODULE A/T,FERT,EA,1
R750MA5CA04,CM INTER COOLER,FERT,EA,30
R750MA5CA05,CM INTER COOLER,FERT,EA,30
R750MA5CA06,CM INTER COOLER(2.2),FERT,EA,40
R750MA5CA09,CM INTER COOLER(2.2),FERT,EA,40
R750MA5EA01,CM INTER COOLER,FERT,EA,40
R750MA5EA02,CM INTER COOLER,FERT,EA,40
R750MA5EA03,CM INTER COOLER(2.0),FERT,EA,40
R750RM7AA04,INTER COOLER (C100),HALB,EA,1
R750TF6CA01,INTER COOLIER (D-MAX),FERT,EA,1
F140RZWLA03,COND. SUB ASS'Y-A/CON,HALB,EA,10
F140LQDRA04,COND ASSY CORE,HALB,EA,20
F140RAXAA01,COND. SUB ASS'Y-A/CON,HALB,EA,10
F140RZWLB03,CONDENSER SUB ASS'Y,HALB,EA,30
F140SP9AA01,COND SUB ASSY,HALB,EA,10
R200RM7CA04,RADIATOR ASS'Y-GSL/MT,FERT,EA,1
R200RM7NA04,RADIATOR ASS'Y-GSL/AT,FERT,EA,1
R200RM7QA03,RADIATOR ASS'Y-DSL/AT,FERT,EA,1
R701WMCAA01,CORE ASSY,HALB,EA,30
R701TF6AA01,PLATE ASS'Y-I/COOLER,HALB,EA,30
R103RM7AA01,OIL COOLER ASS'Y,HALB,EA,10
R103RMBAA01,OIL COOLER ASS'Y,HALB,EA,10
F140LQ9QA01,COND SUB ASSY,HALB,EA,20
F140SP9AB01,COND SUB ASSY,HALB,EA,5
F760QQ3AA02,CORE ASSY-COND,HALB,EA,1
R701GRAAA01,CORE ASSEMBLY,HALB,EA,20
F139RD3AA01,PIPE,REAR COOLER,HALB,EA,1
F139RD3AA02,PIPE,REAR COOLER,FERT,EA,1
F139RD3BA02,PIPE,REAR COOLER,FERT,EA,1
F139RD3LA02,PIPE, REAR - COOLER,HALB,EA,1
F139RD3LB02,PIPE, REAR - COOLER,HALB,EA,1
F150LQ9SS01,COATING EVAPO.W/SENS,HALB,EA,1
F195LYALA03,DUCTBOOSTVENT,HALB,EA,1
F195LYALB03,DUCT BOOST VENT,HALB,EA,1
F195LYALC03,DUCT BOOST VENT.,HALB,EA,1
F195LYALD03,DUCTBOOSTVENT.,HALB,EA,1
F195LYALE01,DUCT BOOST VENT,HALB,EA,1
F195LYALF01,DUCT BOOST VENT,HALB,EA,1
F195LYALG01,DUCT BOOST VENT,HALB,EA,1
F1B1RK6LA03,PIPE EVAP,HALB,EA,1
F2C1LPCYA01,EVAP BLOWER AIR CON,HALB,EA,1
F2C1LPCYB01,EVAPORATOR,HALB,EA,1
F2D1LPCYA01,VALVE EVAPORATOR,HALB,EA,1
F369RD3AA01,GROMMET, UNIT-COOLING,HALB,EA,1
F371RAXAA06,PIPE COOLER,#2,FERT,EA,1
F371RAXLA05,PIPE COOLER,#2,FERT,EA,1
F372RAXLA04,PIPE-COOLER, # 1,FERT,EA,1
F372RD3AA02,PIPE-COOLER,HALB,EA,1
F372RD3BA02,PIPE COOLER,HALB,EA,1
F372RD3CA01,PIPE-COOLER,FERT,EA,1
F374LP4NA01,TUBE COMP.LINE,FERT,EA,1
F374RAXLA06,HOSE-FLEXIBLE;  H,FERT,EA,1
F374RAXMA06,HOSE FLEXIBLE;HIGH,FERT,EA,1
F374RD3LA02,HOSE-FLEXIBLE ; HIGH,FERT,EA,1
F375LPCXC01,TUBE & HOS ASY-A/C COMPR INLET,FERT,EA,1
F375RAXLA05,HOSE-FLEXIBLE; L,FERT,EA,1
F375RAXMA06,HOSE-FLEXIBLE; L,FERT,EA,1
F375RD3LA03,HOSE-FLEXIBLE; L,FERT,EA,1
F375RD3LA06,HOSE-FLEXIBLE; L,FERT,EA,1
F375RZWTA02,HOSE FLEXIBLE;HIGH,FERT,EA,1
F375TC6LA01,HOSE FLEXIBLE LOW,FERT,EA,1
F390RAXAA03,PIPE COOLER,#4,FERT,EA,1
F390RAXLA06,PIPE COOLER, # 4,FERT,EA,1
F3A1LPCYA01,SEAL EVAPORATOR,HALB,EA,1
F3A2LPCYA01,GASKET HTR AIR INLET,HALB,EA,1
F475RAXAA05,PIPE COOLER,#3,FERT,EA,1
F124LP4LC07,BWR & EVAP & HTR UNIT,FERT,EA,1
A5B6AV5AA01,VALVE RELIEF,HALB,EA,1
B100RD3LA01,FAN ASSY - CONDENSER,HALB,EA,1
B100RD3LA02,FAN ASSY - CONDENSER,HALB,EA,1
R204GRACA01,FIN-RAD E240,HALB,EA,35
R204GT7AA01,FIN-RAD,HALB,EA,1
R204GT7AA02,FIN-RAD,HALB,EA,35
R204RAXCA01,FIN-RAD CORE 18.5,HALB,EA,31
R204RAXCA02,FIN-RAD CORE 18.5,HALB,EA,31
R204RAXNA02,FIN-RAD CORE 18.5,HALB,EA,31
R204RF3CA01,FIN RAD 18.5T,HALB,EA,37
R204RF5CA01,FIN-RAD,HALB,EA,37
R204RF5DA01,FIN-RAD,HALB,EA,37
R204RZWFA01,FIN-RAD CORE 18.5,HALB,EA,29
R204RZWPA01,FIN-RAD CORE 18.5,HALB,EA,29
R200GT7CA03,RADIATOR FAN MODULE M/T,FERT,EA,1
R200GT7NA03,RADIATOR FAN MODULE M/T,FERT,EA,1
R200RM7NA03,RADIATOR ASS'Y-GSL/AT,FERT,EA,1
F494RD3AA02,PIPE -COOLER,#2,FERT,EA,1
F494RD3AA04,PIPE -COOLER,#2,FERT,EA,1
F494RD3AB02,PIPE -COOLER,#2,FERT,EA,1
F494RD3AB04,PIPE -COOLER,#2,FERT,EA,1
F4A9LP4AA01,TUBE COMP.LINE,FERT,EA,1
F5A2RK6SA01,CLUTCH ASS'Y,FERT,EA,1
F5B2RZWLA01,SHIM,FERT,EA,1
F717RD3AA02,COOLING UNIT ASSY-R,FERT,EA,1
F717RD3AA03,COOLING UNIT ASSY-R,FERT,EA,1
F717RK6AA02,COOLING ASSY REAR,FERT,EA,1
F737RD3AA02,PIPE ASSY-COOLER,FERT,EA,1
F737RD3BA02,PIPE ASSY-COOLER,FERT,EA,1
F738RD3AA02,PIPE ASSY -COO,SUCT,FERT,EA,1
F738RD3AA03,PIPE ASSY -COO,SUCT,FERT,EA,1
F738RD3AB02,PIPE ASSY-COOL,SUCT,FERT,EA,1
F738RD3AB03,PIPE ASSY-COOL,SUCT,FERT,EA,1
F738TC6CA02,PIPE ASSY COOLER,SUCT,HALB,EA,1
F777RD3AA02,PIPE,REAR COOLER,FERT,EA,1
F777RD3BA02,PIPE,REAR COOLER,FERT,EA,1
F777RD3CA02,PIPE COOLER #2,FERT,EA,1
F777RD3LA02,PIPE, REAR - COOLER,HALB,EA,1
F777RD3LB02,PIPE - COOLER, R, # 1,HALB,EA,1
F777TC6AA01,PIPE COOLER,HALB,EA,1
F777TC6BA01,PIPE COOLER # 4,HALB,EA,1
F825RZWTA01,PIPE,COOLER-HIGH,FERT,EA,1
F849RD3AA01, HOSE & PIPE ASSY,FERT,EA,1
F849RD3AB01, HOSE & PIPE ASSY,FERT,EA,1
F849RD3BB01, HOSE & PIPE ASSY,FERT,EA,1
F886RD3BA01,PIPE COOLER#3,HALB,EA,1
F886RD3BA02,PIPE COOLER#3,FERT,EA,1
F886RD3CA02,PIPE COOLER #1,HALB,EA,1
LB10LQ9TA01, CASE HEATER UNIT  ,FERT,EA,1
LB11LQ9TA01,CASE B,HEATER UNIT,FERT,EA,1
LBI6LQ9TA01,LINK MODE  ,FERT,EA,1
LBI7LQ9TA01,ACTUATOR,TEMP,FERT,EA,1
LBI8LQ9TA01,ACTUATORMODE,FERT,EA,1
LBI9LQ9TA01,ACTUATOR,RE & FRESH,FERT,EA,1
R120RK6PA02,COOLER ASSY-OIL,FERT,EA,1
B119RD3LA01,COWLING-FAN,HALB,EA,1
C324RD3SV01,APPLIQUE A/C - SWITCH PANEL,HALB,EA,1
C365RD3LB01,PANEL,PLATE-MODE CON,HALB,EA,1
C365RD3MA01,PANEL PLATE-MODE CON,HALB,EA,1
C365RZWMA02,PANEL - PLATE,HALB,EA,1
C365RZWMB01,PANEL-PLATE,HALB,EA,1
C3SVRZWLB01,APPLIQUE-EXPORT (W/O  HEATER),HALB,EA,1
C3SVRZWLC02,APPLIQUE A/C SWITCH PANEL ,HALB,EA,1
C800RD3LB01,CONTROL ASSY-HEATER,FERT,EA,1
C800RD3MA01,CONTROL ASSY-HEATER,FERT,EA,1
C800RZWLB05,CONTROL ASSY HEATER,FERT,EA,1
D102RZWAA03,CASE-HEATER LEFT,HALB,EA,1
D102RZWLA05,CASE'B', HEATER UNIT,HALB,EA,1
D104RZWAA06,CASE-HEATER RIGHT,HALB,EA,1
D108RZWAA06,CASE-HEATER LOWER,HALB,EA,1
D108RZWLA07,CASE'C', HEATER UNIT,HALB,EA,1
D114LP4AA01,CAM,HALB,EA,1
D114LP4CA01,CAM,HALB,EA,1
D250RK6AA01,HEATER-CORE,HALB,EA,1
D300RK6AA03,BLOWER UNIT,FERT,EA,1
D311LQ9TB01,CASE 'A',BLOWER UNIT,HALB,EA,1
D316RK6AA01,MOTOR FAN,HALB,EA,1
D316RK6LA01,MOTOR FAN,HALB,EA,1
D316RZWAA01,MOTOR-FAN,HALB,EA,1
D316RZWLA02,MOTOR-FAN,HALB,EA,1
D500RZWMA04,DUCT - AIR OUTLET,FERT,EA,1
D901LYALA01,BLOWER UNIT,HALB,EA,1
E1A2RZWLA01,COIL KIT - FIELD,HALB,EA,1
E400RK6TA01,CLUTCH, MAGNET,HALB,EA,1
F101RK6LA02,COOLING UNIT,FERT,EA,1
F101RZWAA10,COOLING UNIT,FERT,EA,1
F101RZWAB09,COOLING UNIT,FERT,EA,1
F101RZWMA07,COOLING UNIT,FERT,EA,1
F106RAXLA04,CASE 'B', COOLING UNIT,HALB,EA,1
F124LP4AB07,EVAPORATOR HOUSING,FERT,EA,1
F124LP4CA03,EVAPORATOR HOUSING,FERT,EA,1
F124LPCPA02,EVAPORATOR + BLOWER,FERT,EA,1
F124LP4DA02,BLWR & EVAP & HEATER UNIT,FERT,EA,1
F124LPCPB02,EVP & BLW ASY A/C,FERT,EA,1
F124LPCSA02,EVAPORATOR + BLOWER,FERT,EA,1
F124LPCSB02,EVAPORATOR + BLOWER,FERT,EA,1
F124LPCTA02,EVAPORATOR + BLOWER,FERT,EA,1
F124LPCTB02,EVAPORATOR + BLOWER,FERT,EA,1
F124LPCUB01,EVAPORATOR + BLOWER,FERT,EA,1
SPILPCXD02,Pipe (B)-C/Unit,HALB,EA,1
SPIYPBLA02,Pipe Assembly-Evap.,HALB,EA,1
TA20LYATA03,CLNR ASSY  AIR,FERT,EA,2
TA20LYATB02,CLNR ASSY ENG AIR,FERT,EA,24
R207RAXCA03,HEADER-RAD CORE,HALB,EA,70
R207RZWNA01,HEADER-RAD CORE (25.9T),HALB,EA,70
R207RZWNA02,HEADER-RAD CORE (25.9T),HALB,EA,70
R207RZWPA01,HEADER-RAD CORE 18.5,HALB,EA,70
R207RZWPA02,HEADER-RAD CORE 18.5,HALB,EA,70
R214RAXLA03,OUTLET TANK-RAD (ATX),HALB,EA,350
R214RZWAA02,OUTLET TANK-RAD (MTX),HALB,EA,350
R214RZWLA02,OUTLET TANK-RAD (ATX),HALB,EA,350
R276AS4CB01,FIN-RAD CORE,HALB,EA,37
R276AS4CC01,FIN-RAD CORE,HALB,EA,37
R276AS4DA01,FIN-RAD CORE,HALB,EA,37
R276AS4DB01,FIN-RAD CORE,HALB,EA,37
R276KUAAA01,FIN RAD,HALB,EA,80
R276KUABA01,FIN RAD,HALB,EA,540
R276KUADA01,FIN RAD (E48),HALB,EA,80
R276KUAEA01,FIN RAD (D31C),HALB,EA,540
R276LQ9RA01,FIN RAD,HALB,EA,1
R276PA4CA01,FIN-(A) RAD,HALB,EA,1
R276RM7CA01,FIN-(A) RAD,HALB,EA,37
R276RM7CA02,FIN-(A) RAD,HALB,EA,1
R276RM7NA01,FIN-(A) RAD (GSL),HALB,EA,37
R276RM7NA02,FIN-(A) RAD (GSL),HALB,EA,35
R276RZWCA01,FIN(A)-RAD 25.9 67,HALB,EA,29
R276RZWNA01,FIN(A)-RAD 25.9 80,HALB,EA,29
R276YAYCA01,FIN-(A) RAD,HALB,EA,3360
R280AS4EA01,FIN-RAD CORE(14T),HALB,EA,37
R280AS4EB01,FIN-RAD CORE(14T),HALB,EA,37
R280AS4EC01,FIN-RAD CORE(14T),HALB,EA,37
R280DC4EA01,FIN-RAD,HALB,EA,3600
R280LYAQA01,FIN-RAD,HALB,EA,1
R204DC4CA01,FIN RADIATOR,HALB,EA,37
R2A4LYACA03,RAD & COND ASSY (18.5T DSL),FERT,EA,10
R2A4LYAEA03,RAD & COND ASSY (14t GSL),FERT,EA,10
R2A4LYAFA03,RAD & COND ASSY (14t DSL),FERT,EA,10
R2A4LYANA03,RAD & COND ASSY (25.9t DSL),FERT,EA,10
R2A4LYAPA03,RAD & COND ASSY (14t DSL),FERT,EA,10
R2A4LYAQA03,RAD & COND ASSY (14t GSL),FERT,EA,10
R200RF5CA01,RAD ASSY,FERT,EA,50
R200RF5DA01,RAD ASSY,FERT,EA,50
R200RM7CA01,RADIATOR ASS'Y-GSL/MT,FERT,EA,1
R200RM7NA02,RADIATOR ASS'Y-GSL/AT,HALB,EA,1
R200RM7QA02,RADIATOR ASS'Y-DSL/AT,FERT,EA,1
R200RZWCA05,RADIATOR ASS'Y(WL81,MTX),FERT,EA,20
R200RZWEA07,RADIATOR ASS'Y(G675,MTX),FERT,EA,20
R200RZWEB01,RAD ASSY,FERT,EA,20
R200RZWFA05,RADIATOR ASS'Y(G683,MTX),FERT,EA,20
R200RZWFB01,RAD ASSY,FERT,EA,20
R200RZWGA02,RADIATOR ASS'Y(WL85,MTX),FERT,EA,20
R200RZWNB01,RADIATOR,FERT,EA,1
F2D2LQ9QA01,LINK SET,TEMP,HALB,EA,1
F2D1LQ9QA01,LINK SET,MODE,HALB,EA,1
TA20LYATC02,CLNR ASSY ENG AIR,FERT,EA,2
TA20LYATD02,CLNR ASSY ENG AIR,FERT,EA,2
TA20LYATE02,CLEANER ASSY-AIR (DB39-9600-EB),FERT,EA,2
TA20LYATF02,CLEANER ASSY-AIR (DB399600FB),FERT,EA,2
TA21LYATA01,COVER WITH MAF SENSOR&VACUUM SPIGOT,HALB,EA,1
TA21LYATA02,COVER WITH MAF SENSOR&VACUUM SPIGOT,HALB,EA,2
TA21LYATB01,COVER (W/O MAF SENSOR&VACUUM SPIGOT),HALB,EA,2
TA21LYATC01,COVER WITH MAF SENSOR,HALB,EA,2
TA21LYATD01,COVER AIR CLEANER (DB39-9643-EA),HALB,EA,2
TA22LYATA01,TRAY,HALB,EA,2
TA22LYATB01,TRAY,HALB,EA,2
TA40LYATA03,Hot Charge Air Duct I4,FERT,EA,50
TA40LYATB03,Hot Charge Air Duct I5,FERT,EA,50
R200YAYNA04,RADIATOR ASS'Y(YF47 15 200),FERT,EA,1
R200RAXCA02,RADIATOR ASSEMBLY(MTX),FERT,EA,1
R200RAXCB01,Radiator ass'y for FMCP(W/O rubber),FERT,EA,1
R200RAXNA02,RADIATOR ASSEMBLY(ATX),FERT,EA,1
R200RAXNB01,Radiator ass'y for FMCP(w/o rubber),FERT,EA,1
R200RF3CA04,RADIATOR ASS'Y,FERT,EA,1
R200RD3CA02,RADIATOR ASS'Y,FERT,EA,1
R2A4LYAEA04,RAD & COND ASSY (14t GSL),FERT,EA,20
R2A4LYAFA04,RAD & COND ASSY (14t DSL),FERT,EA,20
R2A4LYACA04,RAD & COND ASSY (18.5T DSL),FERT,EA,20
R2A4LYANA04,RAD & COND ASSY (25.9t DSL),FERT,EA,20
R2A4LYAPA04,RAD & COND ASSY (14t DSL),FERT,EA,20
F200LQDRA04,CONDENSER ASSY,FERT,EA,20
D300RK6AB03,BLOWR UNIT,FERT,EA,1
D300RK6LA03,BLOWR UNIT,FERT,EA,1
D300RK6LB01,BLOWER UNIT,FERT,EA,1
F728RAXAA03,TANK ASS'Y-R/D,FERT,EA,1
F728RAXLA03,TANK ASS'Y-R/D,FERT,EA,1
F728RZWLA10,R/DRIER & BRKT ASS'Y - A/C,FERT,EA,1
R120RK6NA04,J97-MU OIL COOLER ASSY,FERT,EA,1
SPILPCXB02,Pipe (B)-C/Unit,HALB,EA,1
R120RK6SA02,OIL COOLER ASSY EXTERNAL,FERT,EA,1
F101RD3LA01,EVAP. UNIT ASS'Y-A/CON,FERT,EA,1
F101RZWLB08,EVAP. UNIT ASS'Y-A/CON,FERT,EA,1
D100RZWBA11,HEATER UNIT,FERT,EA,1
D100RZWLB09,HEATER UNIT,FERT,EA,1
D100RZWPA10,HEATER UNIT,FERT,EA,1
D100RZWLA10,HEATER UNIT,FERT,EA,1
D100RZWAA11,HEATER UNIT,FERT,EA,1
F124LQ9YA06,HEATER UNIT (DL33-61130-E),FERT,EA,1
R200RZWNA05,RADIATOR ASS'Y(WL83, ATX),FERT,EA,20
R200RZWNA06,RADIATOR ASS'Y(WL83,ATX),FERT,EA,20
R200RZWPA08,RADIATOR ASS'Y(G676,ATX),FERT,EA,20
R201LYACA03,RADIATOR ASSY (18.5T DSL),FERT,EA,10
R201LYAEA03,RADIATOR ASSY (14T GSL),FERT,EA,10
R201LYAFA03,RADIATOR ASSY (14T DSL),FERT,EA,10
R201LYANA03,RADIATOR ASSY (25.9T DSL),FERT,EA,10
R201LYAPA03,RADIATOR ASSY (14TDSL),FERT,EA,10
R201LYAQA03,RADIATOR ASSY (14T GSL),FERT,EA,10
R202GRACA01,CORE ASSY-RAD E240,HALB,EA,30
R202GT7CA01,RADIATOR CORE ASS'Y,HALB,EA,30
R202GT7NA01,CORE ASS'Y-RADIATOR,HALB,EA,30
R202KUAAA01,CORE ASS'Y-RADIATOR,HALB,EA,15
R202KUABA01,RADIATOR CORE ASS'Y,HALB,EA,15
R202KUADA01,CORE ASS'Y-RADIATOR  (E40AB),HALB,EA,20
R202KUAEA01,RADIATOR CORE ASS'Y,HALB,EA,20
R202LQ9RA01,CORE ASS'Y-RADIATOR,HALB,EA,90
R202LYACA01,CORE ASS'Y-RADIATOR,HALB,EA,60
R202LYADA01,CORE ASS'Y-RADIATOR,HALB,EA,60
R202LYANA01,CORE ASS'Y-RADIATOR,HALB,EA,50
R202LYAQA01,CORE ASS'Y-RADIATOR,HALB,EA,60
R202RAXCA02,CORE ASSY-RAD.(MTX),FERT,EA,10
R202RAXNA02,CORE ASSY-RAD.(ATX),FERT,EA,10
R202RF3CA02,CORE ASS'Y-RAD (18.5),HALB,EA,10
R202RF5CA01,CORE ASSY-RAD,HALB,EA,10
R202RF5DA01,CORE ASSY-RAD,HALB,EA,10
R202RM7CA01,CORE ASS'Y-RADIATOR,HALB,EA,10
R202RM7DA01,CORE ASS'Y-RADIATOR,HALB,EA,10
R202RM7NA02,CORE ASS'Y-RADIATOR-DSL,HALB,EA,10
R200LQ9RA01,RADIATOR ASS'Y(DN32-15200),FERT,EA,20
R202RM7QA02,CORE ASS'Y-RADIATOR-DSL,HALB,EA,10
R202RZWCA02,CORE ASSY-RADIATOR,FERT,EA,25
R202RZWFA01,CORE ASS'Y-RADIATOR,FERT,EA,30
R202RZWNA02,CORE ASS'Y-RADIATOR,FERT,EA,25
R202RZWPA02,CORE ASS'Y-RADIATOR,FERT,EA,30
R202YAYCA01,CORE ASSY-RAD,HALB,EA,20
LQD1TC6CA01,LIQUID PIPE,HALB,EA,200
LQD1TC6LA01,LIQ.PIPE,HALB,EA,120
LQD1TC6LB01,LIQUID PIPE,HALB,EA,60
LQD2RD3CA01,PIPE C,HALB,EA,200
LQD3RD3CA01,PIPE D,HALB,EA,200
PSB1RD3AA01,PIPE,HALB,EA,100
PSB1RD3AB01,PIPE,HALB,EA,100
PSB1RM7LA03,PIPE ASSY-SUC.,HALB,EA,100
PSB1RM7LB02,SUCTION PIPE 1,HALB,EA,50
PSB1TC6AA01,SUC.PIPE (A)- ASSY,HALB,EA,60
PSB1TC6CA01,SUC.PIPE (A)- ASSY,HALB,EA,60
SCP1TIBLB01,Pipe Assembly-Comp.,HALB,EA,1
SCP2RD3AA01,PIPE 4 (COMPRESSOR),HALB,EA,70
SCP2RD3BA01,PIPE 4 (COMPRESSOR),HALB,EA,70
SCP2RD3LA01,PIPE 4 (COMPRESSOR),HALB,EA,70
SCP2RD3MA01,PIPE 3 (COMP.REAR),HALB,EA,70
SCP2TC6AA01,PIPE ASSY-COMP.-2,HALB,EA,60